molecule_chembl_id,canonical_smiles,bioactivity_class,standard_value,pChEMBL_value
CHEMBL419055,CCc1nc(N)nc(N)c1Cc1cc(OC)c(OC)c(OC)c1,active,4.3,8.37
CHEMBL419231,CCCOc1cc(Cc2cnc(N)nc2N)ccc1OC,active,144.4,6.84
CHEMBL332013,CCOc1ccc(Cc2cnc(N)nc2N)cc1OC,active,187.4,6.73
CHEMBL279948,Cc1nc(N)nc(N)c1Cc1ccc(OCc2ccccc2)c(OCc2ccccc2)c1,active,241.0,6.62
CHEMBL325533,COc1cc(Cc2c(C)nc(N)nc2N)cc(OC)c1OC,active,520.3,6.28
CHEMBL119568,Nc1ncc(Cc2ccc(OCCCOc3ccccc3)cc2)c(N)n1,active,470.6,6.33
CHEMBL4211543,CC(C)(C)C1CCC(C(=O)NCCc2ccc(CNc3ccc4nc(N)nc(N)c4c3)cc2)CC1,active,289.9,6.54
CHEMBL747,CC1(C)N=C(N)N=C(N)N1c1ccc(Cl)cc1,inactive,37900.0,4.42
CHEMBL444605,CC(=O)OCCCc1nc(N)nc(N)c1-c1cccc(Cl)c1,intermediate,1600.0,5.8
CHEMBL161757,NC1=NC(c2cccc(Oc3cc(Cl)cc(Cl)c3)c2)N(c2cccc(Cl)c2)C(N)=N1,active,1.0,9.0
CHEMBL161757,NC1=NC(c2cccc(Oc3cc(Cl)cc(Cl)c3)c2)N(c2cccc(Cl)c2)C(N)=N1,active,0.6,9.22
CHEMBL161757,NC1=NC(c2cccc(Oc3cc(Cl)cc(Cl)c3)c2)N(c2cccc(Cl)c2)C(N)=N1,intermediate,5500.0,5.26
CHEMBL21407,COC(=O)CCCc1nc(N)nc(N)c1-c1ccccc1,active,15.0,7.82
CHEMBL348151,NC1=NC(c2cccc(Oc3cccc(C(F)(F)F)c3)c2)N(c2cccc(Cl)c2)C(N)=N1,intermediate,3400.0,5.47
CHEMBL352441,Nc1nc(N)c(-c2cccc(Cl)c2)c(CCCOC(=O)OCc2ccccc2)n1,intermediate,1900.0,5.72
CHEMBL158570,NC1=NC(c2cccc(Oc3ccc(Cl)cc3)c2)N(c2cccc(Cl)c2)C(N)=N1,intermediate,3900.0,5.41
CHEMBL119224,Nc1ncc(Cc2cccc(Oc3ccccc3)c2)c(N)n1,inactive,29610.0,4.53
CHEMBL25112,Nc1ncc(Cc2ccc(OCCCOc3cc(Cl)c(Cl)cc3Cl)cc2)c(N)n1,active,0.9,9.05
CHEMBL29773,CCc1nc(N)nc(N)c1-c1cccc(OC)c1,active,14.0,7.85
CHEMBL97598,C/C(=N\N=C(/N)S)c1ccc(Oc2c(Cl)cncc2Cl)cc1,active,700.0,6.16
CHEMBL97598,C/C(=N\N=C(/N)S)c1ccc(Oc2c(Cl)cncc2Cl)cc1,intermediate,2100.0,5.68
CHEMBL21778,CCc1nc(N)nc(N)c1-c1ccc(C)cc1,active,0.4,9.4
CHEMBL161009,CCCCCCC1(C)N=C(N)N=C(N)N1c1cccc(Cl)c1,intermediate,3200.0,5.5
CHEMBL422005,Nc1nc(N)c(-c2cccc(Cl)c2)c(CCCO)n1,intermediate,1100.0,5.96
CHEMBL422005,Nc1nc(N)c(-c2cccc(Cl)c2)c(CCCO)n1,intermediate,6200.0,5.21
CHEMBL345146,CC(C)C1(C)N=C(N)N=C(N)N1c1ccc(Cl)cc1,inactive,44791.0,4.35
CHEMBL161451,NC1=NC(c2ccc(Oc3ccccc3)cc2)N(c2cccc(Cl)c2)C(N)=N1,active,0.7,9.15
CHEMBL92047,CCC1N=C(N)N=C(N)N1c1ccc(Cl)cc1,active,189.0,6.72
CHEMBL119669,CCCCCOc1cc(Cc2cnc(N)nc2N)ccc1OC,active,252.6,6.6
CHEMBL22146,COc1cc(Cc2cnc(N)nc2N)ccc1OCc1ccccc1,inactive,25610.0,4.59
CHEMBL22901,CCOc1cc(Cc2cnc(N)nc2N)ccc1OCc1cc(OC)c(OC)c(OC)c1,active,0.3,9.52
CHEMBL92846,NC1=NCN(c2ccccc2)C(N)=N1,active,585.0,6.23
CHEMBL93153,CC1N=C(N)N=C(N)N1c1ccc(Cl)c(Cl)c1,active,1.4,8.85
CHEMBL279492,Nc1ncc(-c2ccc(Cl)cc2)c(N)n1,active,0.74,9.13
CHEMBL21690,Nc1ncc(-c2ccccc2)c(N)n1,active,100.0,7.0
CHEMBL97598,C/C(=N\N=C(/N)S)c1ccc(Oc2c(Cl)cncc2Cl)cc1,intermediate,1400.0,5.85
CHEMBL186838,N/C(=N/O)c1ccc(Oc2cc(Cl)cc(Cl)c2)c([N+](=O)[O-])c1,intermediate,1700.0,5.77
CHEMBL21799,CCc1nc(N)nc(N)c1-c1ccc(Cl)c(Cl)c1,active,0.79,9.1
CHEMBL95274,N/C(=N\O)c1ccc(CNC(=O)c2ccc(Cl)cc2)cc1,intermediate,1500.0,5.82
CHEMBL30937,CCCCCCCOc1ccc(Cc2cnc(N)nc2N)cc1,active,196.3,6.71
CHEMBL93153,CC1N=C(N)N=C(N)N1c1ccc(Cl)c(Cl)c1,active,17.8,7.75
CHEMBL333779,CCOc1cc(Cc2cnc(N)nc2N)ccc1OCCCc1ccccc1,active,1.0,9.0
CHEMBL119669,CCCCCOc1cc(Cc2cnc(N)nc2N)ccc1OC,active,2.2,8.66
CHEMBL29773,CCc1nc(N)nc(N)c1-c1cccc(OC)c1,active,14.0,7.85
CHEMBL29773,CCc1nc(N)nc(N)c1-c1cccc(OC)c1,active,9.3,8.03
CHEMBL21395,CCOc1cc(Cc2cnc(N)nc2N)ccc1OCc1ccccc1,active,470.0,6.33
CHEMBL279492,Nc1ncc(-c2ccc(Cl)cc2)c(N)n1,active,2.4,8.62
CHEMBL278847,CCc1nc(N)nc(N)c1-c1cccc(Cl)c1,active,2.1,8.68
CHEMBL416373,CCCCOc1cc(Cc2cnc(N)nc2N)ccc1OCc1cc(OC)c(OC)c(OC)c1,active,5.6,8.25
CHEMBL22327,COc1cc(Cc2cnc(N)nc2N)ccc1OCCCc1ccccc1,active,26.6,7.58
CHEMBL274031,Nc1ncc(Cc2cccc(OCc3ccccc3)c2)c(N)n1,active,6.3,8.2
CHEMBL291931,COc1ccc(Cc2cnc(N)nc2N)cc1OCc1ccccc1,active,143.4,6.84
CHEMBL22405,COC(=O)CCCc1nc(N)nc(N)c1-c1ccc(Cl)cc1,active,29.3,7.53
CHEMBL159052,NC1=NC(c2cccc(OCCCOc3cc(Cl)c(Cl)cc3Cl)c2)N(c2cccc(Cl)c2)C(N)=N1,active,2.6,8.59
CHEMBL159052,NC1=NC(c2cccc(OCCCOc3cc(Cl)c(Cl)cc3Cl)c2)N(c2cccc(Cl)c2)C(N)=N1,active,370.0,6.43
CHEMBL159052,NC1=NC(c2cccc(OCCCOc3cc(Cl)c(Cl)cc3Cl)c2)N(c2cccc(Cl)c2)C(N)=N1,intermediate,5200.0,5.28
CHEMBL348151,NC1=NC(c2cccc(Oc3cccc(C(F)(F)F)c3)c2)N(c2cccc(Cl)c2)C(N)=N1,intermediate,3200.0,5.5
CHEMBL13636,CC1N=C(N)N=C(N)N1c1cccc(Cl)c1,active,10.2,7.99
CHEMBL346932,Nc1nc(N)c(-c2cccc(Cl)c2)c(CCCOC(=O)c2ccccc2)n1,active,0.8,9.1
CHEMBL158639,CCCC1(C)N=C(N)N=C(N)N1c1cccc(Cl)c1,active,33.1,7.48
CHEMBL158639,CCCC1(C)N=C(N)N=C(N)N1c1cccc(Cl)c1,active,280.0,6.55
CHEMBL352195,NC1=NC(c2cccc(Oc3ccc(Cl)cc3)c2)N(c2ccc(Cl)cc2)C(N)=N1,active,151.0,6.82
CHEMBL346982,CCCOc1ccc(C2N=C(N)N=C(N)N2c2cccc(Cl)c2)cc1,active,0.5,9.3
CHEMBL90018,NC1=NCN(c2ccc(Cl)cc2)C(N)=N1,active,24.4,7.61
CHEMBL747,CC1(C)N=C(N)N=C(N)N1c1ccc(Cl)cc1,active,1.5,8.82
CHEMBL36,CCc1nc(N)nc(N)c1-c1ccc(Cl)cc1,active,2.0,8.7
CHEMBL22139,CCCOc1cc(Cc2cnc(N)nc2N)ccc1OCc1cc(OC)c(OC)c(OC)c1,intermediate,4290.0,5.37
CHEMBL22357,CCc1nc(N)nc(N)c1-c1ccc(Cl)cc1Cl,intermediate,1173.0,5.93
CHEMBL118870,CCCCCOc1ccc(Cc2cnc(N)nc2N)cc1,active,137.3,6.86
CHEMBL323554,C/N=C(\S)NNC(=O)c1cccn(Cc2cccc(Cl)c2)c1=O,intermediate,5900.0,5.23
CHEMBL7130,CC1(C)N=C(N)N=C(N)N1c1cccc(Cl)c1,active,220.0,6.66
CHEMBL7130,CC1(C)N=C(N)N=C(N)N1c1cccc(Cl)c1,active,220.0,6.66
CHEMBL21799,CCc1nc(N)nc(N)c1-c1ccc(Cl)c(Cl)c1,active,1.0,9.0
CHEMBL21799,CCc1nc(N)nc(N)c1-c1ccc(Cl)c(Cl)c1,active,53.0,7.28
CHEMBL22148,CCc1nc(N)nc(N)c1-c1ccccc1,active,3.0,8.52
CHEMBL161451,NC1=NC(c2ccc(Oc3ccccc3)cc2)N(c2cccc(Cl)c2)C(N)=N1,intermediate,3300.0,5.48
CHEMBL329687,NC1=NC(c2ccccc2)N(c2cccc(Cl)c2)C(N)=N1,active,11.7,7.93
CHEMBL351099,NC1=NC(c2cccc(OCc3ccccc3)c2)N(c2ccc(Cl)cc2)C(N)=N1,active,220.0,6.66
CHEMBL161117,NC1=NC(c2cccc(Oc3ccccc3)c2)N(c2cccc(Cl)c2)C(N)=N1,active,60.0,7.22
CHEMBL346932,Nc1nc(N)c(-c2cccc(Cl)c2)c(CCCOC(=O)c2ccccc2)n1,active,3.6,8.44
CHEMBL158639,CCCC1(C)N=C(N)N=C(N)N1c1cccc(Cl)c1,active,9.7,8.01
CHEMBL93484,CC1N=C(N)N=C(N)N1c1ccc(Cl)cc1,intermediate,2427.0,5.62
CHEMBL13636,CC1N=C(N)N=C(N)N1c1cccc(Cl)c1,active,39.0,7.41
CHEMBL348151,NC1=NC(c2cccc(Oc3cccc(C(F)(F)F)c3)c2)N(c2cccc(Cl)c2)C(N)=N1,active,4.8,8.32
CHEMBL747,CC1(C)N=C(N)N=C(N)N1c1ccc(Cl)cc1,intermediate,5800.0,5.24
CHEMBL119224,Nc1ncc(Cc2cccc(Oc3ccccc3)c2)c(N)n1,intermediate,3690.0,5.43
CHEMBL119224,Nc1ncc(Cc2cccc(Oc3ccccc3)c2)c(N)n1,active,30.0,7.52
CHEMBL115483,COc1cc(Cc2cnc(N)nc2N)ccc1OCCCOc1ccccc1,active,256.9,6.59
CHEMBL22146,COc1cc(Cc2cnc(N)nc2N)ccc1OCc1ccccc1,active,2.2,8.66
CHEMBL22146,COc1cc(Cc2cnc(N)nc2N)ccc1OCc1ccccc1,intermediate,1974.1,5.71
CHEMBL22811,COc1cc(Cc2cnc(N)nc2N)ccc1OCc1cc(OC)c(OC)c(OC)c1,inactive,27760.0,4.56
CHEMBL22901,CCOc1cc(Cc2cnc(N)nc2N)ccc1OCc1cc(OC)c(OC)c(OC)c1,active,2.2,8.66
CHEMBL22901,CCOc1cc(Cc2cnc(N)nc2N)ccc1OCc1cc(OC)c(OC)c(OC)c1,active,119.3,6.92
CHEMBL6741,CC1(C)N=C(N)N=C(N)N1c1ccc(Br)cc1,intermediate,1947.0,5.71
CHEMBL21690,Nc1ncc(-c2ccccc2)c(N)n1,active,81.0,7.09
CHEMBL19633,COc1ccc(Cc2cnc(N)nc2N)cc1OC,inactive,13858.0,4.86
CHEMBL326989,CCCOc1ccc(Cc2cnc(N)nc2N)cc1,active,15.1,7.82
CHEMBL162126,Nc1nc(N)c(-c2ccccc2)c(CCCOC(=O)c2ccccc2)n1,active,3.4,8.47
CHEMBL162126,Nc1nc(N)c(-c2ccccc2)c(CCCOC(=O)c2ccccc2)n1,active,14.0,7.85
CHEMBL93889,NC1=NC(c2ccccc2)N(c2ccc(Cl)cc2)C(N)=N1,active,4.5,8.35
CHEMBL30937,CCCCCCCOc1ccc(Cc2cnc(N)nc2N)cc1,active,17.8,7.75
CHEMBL22,COc1cc(Cc2cnc(N)nc2N)cc(OC)c1OC,active,10.0,8.0
CHEMBL93484,CC1N=C(N)N=C(N)N1c1ccc(Cl)cc1,active,127.0,6.9
CHEMBL161034,NC1=NC(c2ccc(Oc3ccccc3)cc2)N(c2ccc(Cl)cc2)C(N)=N1,active,40.0,7.4
CHEMBL278847,CCc1nc(N)nc(N)c1-c1cccc(Cl)c1,active,0.3,9.52
CHEMBL21395,CCOc1cc(Cc2cnc(N)nc2N)ccc1OCc1ccccc1,active,70.0,7.16
CHEMBL119189,CCCCCOc1ccc(Cc2cnc(N)nc2N)cc1OCC,active,1.6,8.8
CHEMBL419055,CCc1nc(N)nc(N)c1Cc1cc(OC)c(OC)c(OC)c1,intermediate,2400.0,5.62
CHEMBL352195,NC1=NC(c2cccc(Oc3ccc(Cl)cc3)c2)N(c2ccc(Cl)cc2)C(N)=N1,active,1.4,8.85
CHEMBL161757,NC1=NC(c2cccc(Oc3cc(Cl)cc(Cl)c3)c2)N(c2cccc(Cl)c2)C(N)=N1,intermediate,3400.0,5.47
CHEMBL346982,CCCOc1ccc(C2N=C(N)N=C(N)N2c2cccc(Cl)c2)cc1,active,380.0,6.42
CHEMBL7130,CC1(C)N=C(N)N=C(N)N1c1cccc(Cl)c1,active,2.2,8.66
CHEMBL21407,COC(=O)CCCc1nc(N)nc(N)c1-c1ccccc1,active,0.6,9.22
CHEMBL22693,Nc1nc(N)c(-c2ccccc2)c(CCCc2ccccc2)n1,active,4.7,8.33
CHEMBL161034,NC1=NC(c2ccc(Oc3ccccc3)cc2)N(c2ccc(Cl)cc2)C(N)=N1,active,0.4,9.4
CHEMBL161034,NC1=NC(c2ccc(Oc3ccccc3)cc2)N(c2ccc(Cl)cc2)C(N)=N1,active,29.3,7.53
CHEMBL278847,CCc1nc(N)nc(N)c1-c1cccc(Cl)c1,intermediate,9100.0,5.04
CHEMBL21691,Nc1nc(N)c(-c2ccc(Cl)cc2)c(CCCc2ccccc2)n1,active,170.0,6.77
CHEMBL36,CCc1nc(N)nc(N)c1-c1ccc(Cl)cc1,active,80.0,7.1
CHEMBL36,CCc1nc(N)nc(N)c1-c1ccc(Cl)cc1,inactive,41700.0,4.38
CHEMBL329687,NC1=NC(c2ccccc2)N(c2cccc(Cl)c2)C(N)=N1,active,20.0,7.7
CHEMBL95725,COC(=O)c1sccc1-c1ccc(/C(C)=N/NC(N)=O)o1,inactive,19700.0,4.71
CHEMBL95567,NNc1nc2ccccc2nc1NN,intermediate,2700.0,5.57
CHEMBL22138,Nc1ncc(Cc2ccc(OCc3ccccc3)c(OCc3ccccc3)c2)c(N)n1,intermediate,6750.0,5.17
CHEMBL22138,Nc1ncc(Cc2ccc(OCc3ccccc3)c(OCc3ccccc3)c2)c(N)n1,intermediate,8130.0,5.09
CHEMBL416376,COc1cc(COc2ccc(Cc3cnc(N)nc3N)cc2)cc(OC)c1OC,active,150.0,6.82
CHEMBL118602,CCc1nc(N)nc(N)c1Cc1ccc(OCc2ccccc2)c(OC)c1,active,120.0,6.92
CHEMBL21778,CCc1nc(N)nc(N)c1-c1ccc(C)cc1,active,10.6,7.97
CHEMBL21778,CCc1nc(N)nc(N)c1-c1ccc(C)cc1,active,14.7,7.83
CHEMBL278813,COc1ccc(CCCc2nc(N)nc(N)c2-c2cccc(Cl)c2)cc1,active,2.9,8.54
CHEMBL158691,CC(C)C1(C)N=C(N)N=C(N)N1c1cccc(Cl)c1,intermediate,2177.0,5.66
CHEMBL21885,CCc1nc(N)nc(N)c1-c1ccc(C(C)(C)C)cc1,active,126.9,6.9
CHEMBL281412,CCc1nc(N)nc(N)c1-c1ccc(OC)cc1,active,0.9,9.05
CHEMBL281412,CCc1nc(N)nc(N)c1-c1ccc(OC)cc1,active,39.0,7.41
CHEMBL21691,Nc1nc(N)c(-c2ccc(Cl)cc2)c(CCCc2ccccc2)n1,inactive,10600.0,4.97
CHEMBL25112,Nc1ncc(Cc2ccc(OCCCOc3cc(Cl)c(Cl)cc3Cl)cc2)c(N)n1,active,39.1,7.41
CHEMBL25112,Nc1ncc(Cc2ccc(OCCCOc3cc(Cl)c(Cl)cc3Cl)cc2)c(N)n1,intermediate,3500.0,5.46
CHEMBL21921,Nc1nc(N)c(-c2cccc(Cl)c2)c(CCCc2ccccc2)n1,active,2.0,8.7
CHEMBL118202,CCOc1cc(Cc2cnc(N)nc2N)ccc1OCCCOCCCOc1ccccc1,active,937.4,6.03
CHEMBL416373,CCCCOc1cc(Cc2cnc(N)nc2N)ccc1OCc1cc(OC)c(OC)c(OC)c1,intermediate,3400.0,5.47
CHEMBL416376,COc1cc(COc2ccc(Cc3cnc(N)nc3N)cc2)cc(OC)c1OC,active,76.5,7.12
CHEMBL416376,COc1cc(COc2ccc(Cc3cnc(N)nc3N)cc2)cc(OC)c1OC,active,100.0,7.0
CHEMBL36,CCc1nc(N)nc(N)c1-c1ccc(Cl)cc1,active,0.6,9.22
CHEMBL162126,Nc1nc(N)c(-c2ccccc2)c(CCCOC(=O)c2ccccc2)n1,active,2.7,8.57
CHEMBL161673,CCCCCCC1(C)N=C(N)N=C(N)N1c1ccc(Cl)cc1,active,69.2,7.16
CHEMBL161673,CCCCCCC1(C)N=C(N)N=C(N)N1c1ccc(Cl)cc1,active,955.0,6.02
CHEMBL161673,CCCCCCC1(C)N=C(N)N=C(N)N1c1ccc(Cl)cc1,intermediate,2400.0,5.62
CHEMBL161673,CCCCCCC1(C)N=C(N)N=C(N)N1c1ccc(Cl)cc1,intermediate,6400.0,5.19
CHEMBL22039,Cc1nc(N)nc(N)c1-c1cccc(Cl)c1,active,9.8,8.01
CHEMBL354011,NC1=NC(c2cccc(OCc3ccccc3)c2)N(c2cccc(Cl)c2)C(N)=N1,active,190.0,6.72
CHEMBL274031,Nc1ncc(Cc2cccc(OCc3ccccc3)c2)c(N)n1,intermediate,3520.0,5.45
CHEMBL274031,Nc1ncc(Cc2cccc(OCc3ccccc3)c2)c(N)n1,inactive,12750.0,4.89
CHEMBL352195,NC1=NC(c2cccc(Oc3ccc(Cl)cc3)c2)N(c2ccc(Cl)cc2)C(N)=N1,intermediate,3300.0,5.48
CHEMBL352195,NC1=NC(c2cccc(Oc3ccc(Cl)cc3)c2)N(c2ccc(Cl)cc2)C(N)=N1,intermediate,4000.0,5.4
CHEMBL352195,NC1=NC(c2cccc(Oc3ccc(Cl)cc3)c2)N(c2ccc(Cl)cc2)C(N)=N1,intermediate,3800.0,5.42
CHEMBL161757,NC1=NC(c2cccc(Oc3cc(Cl)cc(Cl)c3)c2)N(c2cccc(Cl)c2)C(N)=N1,active,1.8,8.74
CHEMBL159040,Nc1nc(N)c(-c2ccccc2)c(CCCO)n1,active,121.0,6.92
CHEMBL747,CC1(C)N=C(N)N=C(N)N1c1ccc(Cl)cc1,active,31.4,7.5
CHEMBL279492,Nc1ncc(-c2ccc(Cl)cc2)c(N)n1,inactive,26200.0,4.58
CHEMBL22403,Nc1nc(N)c(-c2cccc(Cl)c2)c(CCOCCCOc2ccccc2)n1,active,1.8,8.74
CHEMBL22139,CCCOc1cc(Cc2cnc(N)nc2N)ccc1OCc1cc(OC)c(OC)c(OC)c1,active,3.5,8.46
CHEMBL348151,NC1=NC(c2cccc(Oc3cccc(C(F)(F)F)c3)c2)N(c2cccc(Cl)c2)C(N)=N1,intermediate,3200.0,5.5
CHEMBL416376,COc1cc(COc2ccc(Cc3cnc(N)nc3N)cc2)cc(OC)c1OC,active,511.9,6.29
CHEMBL416376,COc1cc(COc2ccc(Cc3cnc(N)nc3N)cc2)cc(OC)c1OC,active,680.0,6.17
CHEMBL118602,CCc1nc(N)nc(N)c1Cc1ccc(OCc2ccccc2)c(OC)c1,intermediate,5370.0,5.27
CHEMBL279948,Cc1nc(N)nc(N)c1Cc1ccc(OCc2ccccc2)c(OCc2ccccc2)c1,active,80.0,7.1
CHEMBL279948,Cc1nc(N)nc(N)c1Cc1ccc(OCc2ccccc2)c(OCc2ccccc2)c1,active,174.6,6.76
CHEMBL118202,CCOc1cc(Cc2cnc(N)nc2N)ccc1OCCCOCCCOc1ccccc1,active,46.9,7.33
CHEMBL118202,CCOc1cc(Cc2cnc(N)nc2N)ccc1OCCCOCCCOc1ccccc1,active,313.7,6.5
CHEMBL747,CC1(C)N=C(N)N=C(N)N1c1ccc(Cl)cc1,active,1.6,8.8
CHEMBL747,CC1(C)N=C(N)N=C(N)N1c1ccc(Cl)cc1,active,730.0,6.14
CHEMBL93888,CCCC1N=C(N)N=C(N)N1c1ccc(Br)cc1,active,127.0,6.9
CHEMBL433204,CC(C)(C)C1N=C(N)N=C(N)N1c1ccc(Cl)cc1,inactive,82721.0,4.08
CHEMBL278847,CCc1nc(N)nc(N)c1-c1cccc(Cl)c1,active,72.0,7.14
CHEMBL325533,COc1cc(Cc2c(C)nc(N)nc2N)cc(OC)c1OC,intermediate,1364.3,5.87
CHEMBL325533,COc1cc(Cc2c(C)nc(N)nc2N)cc(OC)c1OC,intermediate,3410.0,5.47
CHEMBL325533,COc1cc(Cc2c(C)nc(N)nc2N)cc(OC)c1OC,active,500.0,6.3
CHEMBL119224,Nc1ncc(Cc2cccc(Oc3ccccc3)c2)c(N)n1,active,5.3,8.28
CHEMBL22137,CCc1nc(N)nc(N)c1Cc1ccc(OCc2ccccc2)c(OCc2ccccc2)c1,intermediate,4180.0,5.38
CHEMBL22137,CCc1nc(N)nc(N)c1Cc1ccc(OCc2ccccc2)c(OCc2ccccc2)c1,intermediate,3460.0,5.46
CHEMBL21494,COC(=O)CCCc1nc(N)nc(N)c1-c1cccc(Cl)c1,inactive,36300.0,4.44
CHEMBL21691,Nc1nc(N)c(-c2ccc(Cl)cc2)c(CCCc2ccccc2)n1,active,63.0,7.2
CHEMBL416373,CCCCOc1cc(Cc2cnc(N)nc2N)ccc1OCc1cc(OC)c(OC)c(OC)c1,inactive,10100.0,5.0
CHEMBL22139,CCCOc1cc(Cc2cnc(N)nc2N)ccc1OCc1cc(OC)c(OC)c(OC)c1,active,60.0,7.22
CHEMBL21921,Nc1nc(N)c(-c2cccc(Cl)c2)c(CCCc2ccccc2)n1,intermediate,4300.0,5.37
CHEMBL119189,CCCCCOc1ccc(Cc2cnc(N)nc2N)cc1OCC,intermediate,1162.5,5.93
CHEMBL22,COc1cc(Cc2cnc(N)nc2N)cc(OC)c1OC,active,132.3,6.88
CHEMBL21407,COC(=O)CCCc1nc(N)nc(N)c1-c1ccccc1,inactive,31300.0,4.5
CHEMBL22403,Nc1nc(N)c(-c2cccc(Cl)c2)c(CCOCCCOc2ccccc2)n1,active,0.4,9.4
CHEMBL21778,CCc1nc(N)nc(N)c1-c1ccc(C)cc1,active,6.9,8.16
CHEMBL161009,CCCCCCC1(C)N=C(N)N=C(N)N1c1cccc(Cl)c1,active,5.5,8.26
CHEMBL22403,Nc1nc(N)c(-c2cccc(Cl)c2)c(CCOCCCOc2ccccc2)n1,active,0.7,9.15
CHEMBL346963,CCCCCCCC1N=C(N)N=C(N)N1c1cccc(Cl)c1,active,4.0,8.4
CHEMBL22146,COc1cc(Cc2cnc(N)nc2N)ccc1OCc1ccccc1,active,2.2,8.66
CHEMBL333779,CCOc1cc(Cc2cnc(N)nc2N)ccc1OCCCc1ccccc1,active,10.6,7.97
CHEMBL118602,CCc1nc(N)nc(N)c1Cc1ccc(OCc2ccccc2)c(OC)c1,active,760.0,6.12
CHEMBL416376,COc1cc(COc2ccc(Cc3cnc(N)nc3N)cc2)cc(OC)c1OC,inactive,21120.0,4.67
CHEMBL419055,CCc1nc(N)nc(N)c1Cc1cc(OC)c(OC)c(OC)c1,active,116.4,6.93
CHEMBL419055,CCc1nc(N)nc(N)c1Cc1cc(OC)c(OC)c(OC)c1,active,360.0,6.44
CHEMBL161451,NC1=NC(c2ccc(Oc3ccccc3)cc2)N(c2cccc(Cl)c2)C(N)=N1,active,4.0,8.4
CHEMBL365894,N/C(=N/O)c1ccc(Oc2c(Cl)cncc2Cl)cc1,inactive,23600.0,4.63
CHEMBL365894,N/C(=N/O)c1ccc(Oc2c(Cl)cncc2Cl)cc1,inactive,24400.0,4.61
CHEMBL323554,C/N=C(\S)NNC(=O)c1cccn(Cc2cccc(Cl)c2)c1=O,inactive,19400.0,4.71
CHEMBL97598,C/C(=N\N=C(/N)S)c1ccc(Oc2c(Cl)cncc2Cl)cc1,active,900.0,6.05
CHEMBL94470,N=C(S)N/N=C/c1ccc(Oc2ncc(C(F)(F)F)cc2Cl)cc1,intermediate,9300.0,5.03
CHEMBL747,CC1(C)N=C(N)N=C(N)N1c1ccc(Cl)cc1,active,2.6,8.59
CHEMBL416552,CCCCCCc1nc(N)nc(N)c1-c1ccccc1,intermediate,1300.0,5.89
CHEMBL118425,Nc1ncc(Cc2ccc(OCCCOCCCOc3ccccc3)cc2)c(N)n1,active,107.7,6.97
CHEMBL21691,Nc1nc(N)c(-c2ccc(Cl)cc2)c(CCCc2ccccc2)n1,active,13.9,7.86
CHEMBL278813,COc1ccc(CCCc2nc(N)nc(N)c2-c2cccc(Cl)c2)cc1,active,2.2,8.66
CHEMBL278813,COc1ccc(CCCc2nc(N)nc(N)c2-c2cccc(Cl)c2)cc1,active,6.0,8.22
CHEMBL22138,Nc1ncc(Cc2ccc(OCc3ccccc3)c(OCc3ccccc3)c2)c(N)n1,active,14.5,7.84
CHEMBL95567,NNc1nc2ccccc2nc1NN,intermediate,3400.0,5.47
CHEMBL95567,NNc1nc2ccccc2nc1NN,inactive,11400.0,4.94
CHEMBL95567,NNc1nc2ccccc2nc1NN,intermediate,9700.0,5.01
CHEMBL21407,COC(=O)CCCc1nc(N)nc(N)c1-c1ccccc1,active,3.3,8.48
CHEMBL89959,CCC1N=C(N)N=C(N)N1c1ccc(C)cc1,active,5.9,8.23
CHEMBL94281,CC(C)C1N=C(N)N=C(N)N1c1ccc(Br)cc1,active,30.0,7.52
CHEMBL92182,Cc1ccc(N2C(N)=NC(N)=NC2C)cc1,active,23.0,7.64
CHEMBL544227,CC1(C)N=C(N)N=C(N)N1c1ccc(Cl)cc1.Cl,active,1.5,8.82
CHEMBL95609,N/C(=N\O)c1cccc(CS(=O)(=O)c2ccc(Cl)cc2)c1,inactive,34500.0,4.46
CHEMBL243185,NC(=S)N/N=C/c1ccccc1,inactive,28900.0,4.54
CHEMBL747,CC1(C)N=C(N)N=C(N)N1c1ccc(Cl)cc1,intermediate,3700.0,5.43
CHEMBL278813,COc1ccc(CCCc2nc(N)nc(N)c2-c2cccc(Cl)c2)cc1,active,410.0,6.39
CHEMBL21691,Nc1nc(N)c(-c2ccc(Cl)cc2)c(CCCc2ccccc2)n1,active,15.1,7.82
CHEMBL34259,CN(Cc1cnc2nc(N)nc(N)c2n1)c1ccc(C(=O)N[C@@H](CCC(=O)O)C(=O)O)cc1,active,84.0,7.08
CHEMBL5406769,CCc1nc(N)nc(N)c1Cc1ccc(-c2cccc(C(=O)OC)c2)cc1.Cl,active,0.29,9.54
CHEMBL443013,CCCC1N=C(N)N=C(N)N1c1ccc(C)cc1,active,188.0,6.73
CHEMBL93484,CC1N=C(N)N=C(N)N1c1ccc(Cl)cc1,active,4.1,8.39
CHEMBL21357,Cc1nc(N)nc(N)c1-c1ccc(Cl)cc1,active,2.0,8.7
CHEMBL21357,Cc1nc(N)nc(N)c1-c1ccc(Cl)cc1,inactive,60100.0,4.22
CHEMBL279948,Cc1nc(N)nc(N)c1Cc1ccc(OCc2ccccc2)c(OCc2ccccc2)c1,active,80.0,7.1
CHEMBL21414,Nc1ncc(-c2cccc(Cl)c2)c(N)n1,intermediate,8800.0,5.06
CHEMBL90018,NC1=NCN(c2ccc(Cl)cc2)C(N)=N1,active,646.0,6.19
CHEMBL21408,Cc1nc(N)nc(N)c1-c1ccccc1,active,10.9,7.96
CHEMBL22146,COc1cc(Cc2cnc(N)nc2N)ccc1OCc1ccccc1,active,34.9,7.46
CHEMBL95725,COC(=O)c1sccc1-c1ccc(/C(C)=N/NC(N)=O)o1,intermediate,9700.0,5.01
CHEMBL95615,C=CCNC(=S)NNC(=O)c1cccn(Cc2cccc(Cl)c2)c1=O,inactive,15200.0,4.82
CHEMBL95615,C=CCNC(=S)NNC(=O)c1cccn(Cc2cccc(Cl)c2)c1=O,inactive,17000.0,4.77
CHEMBL22811,COc1cc(Cc2cnc(N)nc2N)ccc1OCc1cc(OC)c(OC)c(OC)c1,active,130.0,6.89
CHEMBL22901,CCOc1cc(Cc2cnc(N)nc2N)ccc1OCc1cc(OC)c(OC)c(OC)c1,active,10.0,8.0
CHEMBL22901,CCOc1cc(Cc2cnc(N)nc2N)ccc1OCc1cc(OC)c(OC)c(OC)c1,intermediate,5010.0,5.3
CHEMBL120123,COc1cc(Cc2c(C)nc(N)nc2N)ccc1OCc1ccccc1,active,3.4,8.47
CHEMBL120123,COc1cc(Cc2c(C)nc(N)nc2N)ccc1OCc1ccccc1,active,93.4,7.03
CHEMBL120123,COc1cc(Cc2c(C)nc(N)nc2N)ccc1OCc1ccccc1,intermediate,1030.0,5.99
CHEMBL352195,NC1=NC(c2cccc(Oc3ccc(Cl)cc3)c2)N(c2ccc(Cl)cc2)C(N)=N1,intermediate,4000.0,5.4
CHEMBL416373,CCCCOc1cc(Cc2cnc(N)nc2N)ccc1OCc1cc(OC)c(OC)c(OC)c1,inactive,10160.0,4.99
CHEMBL7004,Cc1ccc(N2C(N)=NC(N)=NC2(C)C)cc1,intermediate,1584.0,5.8
CHEMBL3819601,Cc1nc(N)nc(N)c1OCCCOc1cc(Cl)c(Cl)cc1Cl,active,229.0,6.64
CHEMBL2387269,CCc1nc(N)nc(N)c1OCCCOc1ccccc1CCC(=O)O.Cl,active,4.6,8.34
CHEMBL279492,Nc1ncc(-c2ccc(Cl)cc2)c(N)n1,active,555.8,6.25
CHEMBL416373,CCCCOc1cc(Cc2cnc(N)nc2N)ccc1OCc1cc(OC)c(OC)c(OC)c1,active,1.7,8.77
CHEMBL21691,Nc1nc(N)c(-c2ccc(Cl)cc2)c(CCCc2ccccc2)n1,active,23.3,7.63
CHEMBL279986,CCc1nc(N)nc(N)c1-c1ccc(-c2ccccc2)cc1,active,730.1,6.14
CHEMBL279986,CCc1nc(N)nc(N)c1-c1ccc(-c2ccccc2)cc1,intermediate,4400.0,5.36
CHEMBL161034,NC1=NC(c2ccc(Oc3ccccc3)cc2)N(c2ccc(Cl)cc2)C(N)=N1,intermediate,3200.0,5.5
CHEMBL333779,CCOc1cc(Cc2cnc(N)nc2N)ccc1OCCCc1ccccc1,active,374.1,6.43
CHEMBL22146,COc1cc(Cc2cnc(N)nc2N)ccc1OCc1ccccc1,inactive,38020.0,4.42
CHEMBL22811,COc1cc(Cc2cnc(N)nc2N)ccc1OCc1cc(OC)c(OC)c(OC)c1,active,47.6,7.32
CHEMBL22901,CCOc1cc(Cc2cnc(N)nc2N)ccc1OCc1cc(OC)c(OC)c(OC)c1,inactive,13150.0,4.88
CHEMBL22811,COc1cc(Cc2cnc(N)nc2N)ccc1OCc1cc(OC)c(OC)c(OC)c1,active,0.6,9.22
CHEMBL22811,COc1cc(Cc2cnc(N)nc2N)ccc1OCc1cc(OC)c(OC)c(OC)c1,active,310.0,6.51
CHEMBL22811,COc1cc(Cc2cnc(N)nc2N)ccc1OCc1cc(OC)c(OC)c(OC)c1,inactive,26080.0,4.58
CHEMBL19023,COc1ccc(Cc2cnc(N)nc2N)cc1,active,23.5,7.63
CHEMBL21799,CCc1nc(N)nc(N)c1-c1ccc(Cl)c(Cl)c1,active,12.6,7.9
CHEMBL22901,CCOc1cc(Cc2cnc(N)nc2N)ccc1OCc1cc(OC)c(OC)c(OC)c1,active,2.2,8.66
CHEMBL354011,NC1=NC(c2cccc(OCc3ccccc3)c2)N(c2cccc(Cl)c2)C(N)=N1,intermediate,8200.0,5.09
CHEMBL158639,CCCC1(C)N=C(N)N=C(N)N1c1cccc(Cl)c1,active,4.6,8.34
CHEMBL161009,CCCCCCC1(C)N=C(N)N=C(N)N1c1cccc(Cl)c1,active,60.0,7.22
CHEMBL161009,CCCCCCC1(C)N=C(N)N=C(N)N1c1cccc(Cl)c1,active,490.0,6.31
CHEMBL95274,N/C(=N\O)c1ccc(CNC(=O)c2ccc(Cl)cc2)cc1,inactive,57000.0,4.24
CHEMBL416376,COc1cc(COc2ccc(Cc3cnc(N)nc3N)cc2)cc(OC)c1OC,active,3.3,8.48
CHEMBL264392,CC(C)C1N=C(N)N=C(N)N1c1ccc(Cl)cc1,intermediate,1538.0,5.81
CHEMBL5404134,CCc1nc(N)nc(N)c1Cc1ccc(-c2ccc(C(=O)O)cc2)cc1.Cl,active,1.59,8.8
CHEMBL279509,COc1cc(Cc2cnc(N)nc2N)cc(OC)c1OCc1ccccc1,active,61.9,7.21
CHEMBL21407,COC(=O)CCCc1nc(N)nc(N)c1-c1ccccc1,active,0.6,9.22
CHEMBL21407,COC(=O)CCCc1nc(N)nc(N)c1-c1ccccc1,active,5.5,8.26
CHEMBL22901,CCOc1cc(Cc2cnc(N)nc2N)ccc1OCc1cc(OC)c(OC)c(OC)c1,intermediate,5000.0,5.3
CHEMBL22129,CCc1nc(N)nc(N)c1-c1ccc(OCc2ccc(Cl)cc2Cl)c(OC)c1,active,42.3,7.37
CHEMBL22693,Nc1nc(N)c(-c2ccccc2)c(CCCc2ccccc2)n1,intermediate,2300.0,5.64
CHEMBL21799,CCc1nc(N)nc(N)c1-c1ccc(Cl)c(Cl)c1,active,1.0,9.0
CHEMBL90703,CCCC1N=C(N)N=C(N)N1c1ccc(Cl)cc1,active,4.6,8.34
CHEMBL282275,CCc1nc(N)nc(N)c1-c1ccc(Br)cc1,active,0.3,9.52
CHEMBL22139,CCCOc1cc(Cc2cnc(N)nc2N)ccc1OCc1cc(OC)c(OC)c(OC)c1,active,20.0,7.7
CHEMBL22139,CCCOc1cc(Cc2cnc(N)nc2N)ccc1OCc1cc(OC)c(OC)c(OC)c1,intermediate,7700.0,5.11
CHEMBL274031,Nc1ncc(Cc2cccc(OCc3ccccc3)c2)c(N)n1,active,113.5,6.95
CHEMBL22129,CCc1nc(N)nc(N)c1-c1ccc(OCc2ccc(Cl)cc2Cl)c(OC)c1,active,20.9,7.68
CHEMBL278813,COc1ccc(CCCc2nc(N)nc(N)c2-c2cccc(Cl)c2)cc1,active,4.0,8.4
CHEMBL278813,COc1ccc(CCCc2nc(N)nc(N)c2-c2cccc(Cl)c2)cc1,intermediate,2700.0,5.57
CHEMBL416376,COc1cc(COc2ccc(Cc3cnc(N)nc3N)cc2)cc(OC)c1OC,inactive,19900.0,4.7
CHEMBL93484,CC1N=C(N)N=C(N)N1c1ccc(Cl)cc1,intermediate,1582.0,5.8
CHEMBL21494,COC(=O)CCCc1nc(N)nc(N)c1-c1cccc(Cl)c1,active,2.7,8.57
CHEMBL22693,Nc1nc(N)c(-c2ccccc2)c(CCCc2ccccc2)n1,active,2.4,8.62
CHEMBL278813,COc1ccc(CCCc2nc(N)nc(N)c2-c2cccc(Cl)c2)cc1,active,2.2,8.66
CHEMBL22039,Cc1nc(N)nc(N)c1-c1cccc(Cl)c1,active,1.9,8.72
CHEMBL158570,NC1=NC(c2cccc(Oc3ccc(Cl)cc3)c2)N(c2cccc(Cl)c2)C(N)=N1,active,8.0,8.1
CHEMBL158570,NC1=NC(c2cccc(Oc3ccc(Cl)cc3)c2)N(c2cccc(Cl)c2)C(N)=N1,active,390.0,6.41
CHEMBL161673,CCCCCCC1(C)N=C(N)N=C(N)N1c1ccc(Cl)cc1,active,0.6,9.22
CHEMBL161673,CCCCCCC1(C)N=C(N)N=C(N)N1c1ccc(Cl)cc1,active,11.3,7.95
CHEMBL161673,CCCCCCC1(C)N=C(N)N=C(N)N1c1ccc(Cl)cc1,active,41.8,7.38
CHEMBL279948,Cc1nc(N)nc(N)c1Cc1ccc(OCc2ccccc2)c(OCc2ccccc2)c1,active,51.0,7.29
CHEMBL21395,CCOc1cc(Cc2cnc(N)nc2N)ccc1OCc1ccccc1,active,0.9,9.05
CHEMBL279948,Cc1nc(N)nc(N)c1Cc1ccc(OCc2ccccc2)c(OCc2ccccc2)c1,active,20.0,7.7
CHEMBL120123,COc1cc(Cc2c(C)nc(N)nc2N)ccc1OCc1ccccc1,active,20.0,7.7
CHEMBL274031,Nc1ncc(Cc2cccc(OCc3ccccc3)c2)c(N)n1,active,515.4,6.29
CHEMBL324775,CCCCCCCOc1cc(Cc2cnc(N)nc2N)ccc1OC,active,3.1,8.51
CHEMBL19023,COc1ccc(Cc2cnc(N)nc2N)cc1,active,464.1,6.33
CHEMBL329687,NC1=NC(c2ccccc2)N(c2cccc(Cl)c2)C(N)=N1,active,217.0,6.66
CHEMBL22811,COc1cc(Cc2cnc(N)nc2N)ccc1OCc1cc(OC)c(OC)c(OC)c1,active,8.7,8.06
CHEMBL278813,COc1ccc(CCCc2nc(N)nc(N)c2-c2cccc(Cl)c2)cc1,active,1.3,8.89
CHEMBL325533,COc1cc(Cc2c(C)nc(N)nc2N)cc(OC)c1OC,active,38.2,7.42
CHEMBL325533,COc1cc(Cc2c(C)nc(N)nc2N)cc(OC)c1OC,inactive,90810.0,4.04
CHEMBL36,CCc1nc(N)nc(N)c1-c1ccc(Cl)cc1,active,58.0,7.24
CHEMBL443013,CCCC1N=C(N)N=C(N)N1c1ccc(C)cc1,active,13.7,7.86
CHEMBL94281,CC(C)C1N=C(N)N=C(N)N1c1ccc(Br)cc1,intermediate,1195.0,5.92
CHEMBL90358,Cc1ccc(N2C(N)=NC(N)=NC2C(C)C)cc1,intermediate,1460.0,5.84
CHEMBL4207059,Nc1nc(N)c2cc(NCc3ccc(CCNC(=O)c4cccc(F)c4)cc3)ccc2n1,active,50.6,7.3
CHEMBL4211317,Nc1nc(N)c2cc(NCc3ccc(CCNC(=O)CCc4ccccc4)cc3)ccc2n1,active,185.4,6.73
CHEMBL93484,CC1N=C(N)N=C(N)N1c1ccc(Cl)cc1,active,127.0,6.9
CHEMBL329687,NC1=NC(c2ccccc2)N(c2cccc(Cl)c2)C(N)=N1,active,10.0,8.0
CHEMBL264392,CC(C)C1N=C(N)N=C(N)N1c1ccc(Cl)cc1,active,60.5,7.22
CHEMBL93748,CC1N=C(N)N=C(N)N1c1ccc(Br)cc1,active,5.7,8.24
CHEMBL93748,CC1N=C(N)N=C(N)N1c1ccc(Br)cc1,active,202.0,6.7
CHEMBL7004,Cc1ccc(N2C(N)=NC(N)=NC2(C)C)cc1,active,1.8,8.74
CHEMBL30937,CCCCCCCOc1ccc(Cc2cnc(N)nc2N)cc1,intermediate,1380.0,5.86
CHEMBL291931,COc1ccc(Cc2cnc(N)nc2N)cc1OCc1ccccc1,intermediate,2620.0,5.58
CHEMBL19633,COc1ccc(Cc2cnc(N)nc2N)cc1OC,active,234.8,6.63
CHEMBL22327,COc1cc(Cc2cnc(N)nc2N)ccc1OCCCc1ccccc1,active,44.2,7.36
CHEMBL22327,COc1cc(Cc2cnc(N)nc2N)ccc1OCCCc1ccccc1,intermediate,1122.8,5.95
CHEMBL119189,CCCCCOc1ccc(Cc2cnc(N)nc2N)cc1OCC,active,46.6,7.33
CHEMBL118668,Nc1ncc(Cc2ccc(OCCCc3ccccc3)cc2)c(N)n1,active,5.9,8.23
CHEMBL21414,Nc1ncc(-c2cccc(Cl)c2)c(N)n1,active,31.6,7.5
CHEMBL345146,CC(C)C1(C)N=C(N)N=C(N)N1c1ccc(Cl)cc1,intermediate,1367.0,5.86
CHEMBL161451,NC1=NC(c2ccc(Oc3ccccc3)cc2)N(c2cccc(Cl)c2)C(N)=N1,active,2.7,8.57
CHEMBL161451,NC1=NC(c2ccc(Oc3ccccc3)cc2)N(c2cccc(Cl)c2)C(N)=N1,active,650.0,6.19
CHEMBL329687,NC1=NC(c2ccccc2)N(c2cccc(Cl)c2)C(N)=N1,active,560.0,6.25
CHEMBL161757,NC1=NC(c2cccc(Oc3cc(Cl)cc(Cl)c3)c2)N(c2cccc(Cl)c2)C(N)=N1,intermediate,3900.0,5.41
CHEMBL278847,CCc1nc(N)nc(N)c1-c1cccc(Cl)c1,active,1.6,8.8
CHEMBL22137,CCc1nc(N)nc(N)c1Cc1ccc(OCc2ccccc2)c(OCc2ccccc2)c1,active,46.4,7.33
CHEMBL22039,Cc1nc(N)nc(N)c1-c1cccc(Cl)c1,active,3.2,8.49
CHEMBL93889,NC1=NC(c2ccccc2)N(c2ccc(Cl)cc2)C(N)=N1,active,4.5,8.35
CHEMBL158691,CC(C)C1(C)N=C(N)N=C(N)N1c1cccc(Cl)c1,active,25.5,7.59
CHEMBL158691,CC(C)C1(C)N=C(N)N=C(N)N1c1cccc(Cl)c1,active,196.0,6.71
CHEMBL22138,Nc1ncc(Cc2ccc(OCc3ccccc3)c(OCc3ccccc3)c2)c(N)n1,active,470.0,6.33
CHEMBL56146,Nc1ncc(Cc2ccc(OCc3ccccc3)cc2)c(N)n1,inactive,15260.0,4.82
CHEMBL118668,Nc1ncc(Cc2ccc(OCCCc3ccccc3)cc2)c(N)n1,active,801.4,6.1
CHEMBL434771,CCc1nc(N)nc(N)c1-c1ccc2c(c1)OCO2,active,8.3,8.08
CHEMBL434771,CCc1nc(N)nc(N)c1-c1ccc2c(c1)OCO2,active,269.0,6.57
CHEMBL161451,NC1=NC(c2ccc(Oc3ccccc3)cc2)N(c2cccc(Cl)c2)C(N)=N1,intermediate,3100.0,5.51
CHEMBL161451,NC1=NC(c2ccc(Oc3ccccc3)cc2)N(c2cccc(Cl)c2)C(N)=N1,intermediate,3300.0,5.48
CHEMBL161757,NC1=NC(c2cccc(Oc3cc(Cl)cc(Cl)c3)c2)N(c2cccc(Cl)c2)C(N)=N1,intermediate,3900.0,5.41
CHEMBL346982,CCCOc1ccc(C2N=C(N)N=C(N)N2c2cccc(Cl)c2)cc1,active,9.3,8.03
CHEMBL21921,Nc1nc(N)c(-c2cccc(Cl)c2)c(CCCc2ccccc2)n1,active,670.0,6.17
CHEMBL22405,COC(=O)CCCc1nc(N)nc(N)c1-c1ccc(Cl)cc1,active,0.3,9.52
CHEMBL161117,NC1=NC(c2cccc(Oc3ccccc3)c2)N(c2cccc(Cl)c2)C(N)=N1,intermediate,3600.0,5.44
CHEMBL186838,N/C(=N/O)c1ccc(Oc2cc(Cl)cc(Cl)c2)c([N+](=O)[O-])c1,inactive,22200.0,4.65
CHEMBL95615,C=CCNC(=S)NNC(=O)c1cccn(Cc2cccc(Cl)c2)c1=O,inactive,10000.0,5.0
CHEMBL22146,COc1cc(Cc2cnc(N)nc2N)ccc1OCc1ccccc1,active,60.7,7.22
CHEMBL365894,N/C(=N/O)c1ccc(Oc2c(Cl)cncc2Cl)cc1,inactive,27800.0,4.56
CHEMBL91345,Cc1ccc(N2C(N)=NC(N)=NC2c2ccccc2)cc1,active,170.0,6.77
CHEMBL92047,CCC1N=C(N)N=C(N)N1c1ccc(Cl)cc1,active,3.6,8.44
CHEMBL21395,CCOc1cc(Cc2cnc(N)nc2N)ccc1OCc1ccccc1,active,120.0,6.92
CHEMBL332013,CCOc1ccc(Cc2cnc(N)nc2N)cc1OC,active,15.4,7.81
CHEMBL89959,CCC1N=C(N)N=C(N)N1c1ccc(C)cc1,active,128.0,6.89
CHEMBL21690,Nc1ncc(-c2ccccc2)c(N)n1,inactive,19400.0,4.71
CHEMBL21414,Nc1ncc(-c2cccc(Cl)c2)c(N)n1,active,6.3,8.2
CHEMBL21414,Nc1ncc(-c2cccc(Cl)c2)c(N)n1,active,26.3,7.58
CHEMBL21395,CCOc1cc(Cc2cnc(N)nc2N)ccc1OCc1ccccc1,active,9.7,8.01
CHEMBL416552,CCCCCCc1nc(N)nc(N)c1-c1ccccc1,active,0.3,9.52
CHEMBL416552,CCCCCCc1nc(N)nc(N)c1-c1ccccc1,intermediate,2300.0,5.64
CHEMBL416552,CCCCCCc1nc(N)nc(N)c1-c1ccccc1,intermediate,6400.0,5.19
CHEMBL22901,CCOc1cc(Cc2cnc(N)nc2N)ccc1OCc1cc(OC)c(OC)c(OC)c1,active,0.3,9.52
CHEMBL279509,COc1cc(Cc2cnc(N)nc2N)cc(OC)c1OCc1ccccc1,inactive,30100.0,4.52
CHEMBL22138,Nc1ncc(Cc2ccc(OCc3ccccc3)c(OCc3ccccc3)c2)c(N)n1,active,60.2,7.22
CHEMBL7130,CC1(C)N=C(N)N=C(N)N1c1cccc(Cl)c1,active,340.0,6.47
CHEMBL416552,CCCCCCc1nc(N)nc(N)c1-c1ccccc1,active,1.2,8.92
CHEMBL22139,CCCOc1cc(Cc2cnc(N)nc2N)ccc1OCc1cc(OC)c(OC)c(OC)c1,intermediate,4300.0,5.37
CHEMBL416373,CCCCOc1cc(Cc2cnc(N)nc2N)ccc1OCc1cc(OC)c(OC)c(OC)c1,active,0.4,9.4
CHEMBL21690,Nc1ncc(-c2ccccc2)c(N)n1,active,76.2,7.12
CHEMBL118581,CCCCOc1cc(Cc2cnc(N)nc2N)ccc1OC,active,771.8,6.11
CHEMBL21408,Cc1nc(N)nc(N)c1-c1ccccc1,active,36.7,7.43
CHEMBL416552,CCCCCCc1nc(N)nc(N)c1-c1ccccc1,active,0.7,9.15
CHEMBL325533,COc1cc(Cc2c(C)nc(N)nc2N)cc(OC)c1OC,intermediate,1634.3,5.79
CHEMBL325533,COc1cc(Cc2c(C)nc(N)nc2N)cc(OC)c1OC,active,760.0,6.12
CHEMBL22405,COC(=O)CCCc1nc(N)nc(N)c1-c1ccc(Cl)cc1,active,0.3,9.52
CHEMBL279948,Cc1nc(N)nc(N)c1Cc1ccc(OCc2ccccc2)c(OCc2ccccc2)c1,intermediate,4400.0,5.36
CHEMBL22271,CCOc1c(Br)cc(-c2c(N)nc(N)nc2CC)cc1Br,active,415.2,6.38
CHEMBL21885,CCc1nc(N)nc(N)c1-c1ccc(C(C)(C)C)cc1,intermediate,3900.0,5.41
CHEMBL22403,Nc1nc(N)c(-c2cccc(Cl)c2)c(CCOCCCOc2ccccc2)n1,intermediate,3300.0,5.48
CHEMBL21799,CCc1nc(N)nc(N)c1-c1ccc(Cl)c(Cl)c1,active,3.1,8.51
CHEMBL22148,CCc1nc(N)nc(N)c1-c1ccccc1,active,25.0,7.6
CHEMBL351099,NC1=NC(c2cccc(OCc3ccccc3)c2)N(c2ccc(Cl)cc2)C(N)=N1,active,771.0,6.11
CHEMBL434771,CCc1nc(N)nc(N)c1-c1ccc2c(c1)OCO2,active,1.1,8.96
CHEMBL118202,CCOc1cc(Cc2cnc(N)nc2N)ccc1OCCCOCCCOc1ccccc1,active,2.3,8.64
CHEMBL416373,CCCCOc1cc(Cc2cnc(N)nc2N)ccc1OCc1cc(OC)c(OC)c(OC)c1,active,330.0,6.48
CHEMBL25112,Nc1ncc(Cc2ccc(OCCCOc3cc(Cl)c(Cl)cc3Cl)cc2)c(N)n1,active,23.5,7.63
CHEMBL444605,CC(=O)OCCCc1nc(N)nc(N)c1-c1cccc(Cl)c1,intermediate,2100.0,5.68
CHEMBL354011,NC1=NC(c2cccc(OCc3ccccc3)c2)N(c2cccc(Cl)c2)C(N)=N1,active,3.2,8.49
CHEMBL280410,COc1cc(COc2cc(Cc3cnc(N)nc3N)ccc2OCc2ccccc2)cc(OC)c1OC,active,502.8,6.3
CHEMBL21357,Cc1nc(N)nc(N)c1-c1ccc(Cl)cc1,active,142.0,6.85
CHEMBL159052,NC1=NC(c2cccc(OCCCOc3cc(Cl)c(Cl)cc3Cl)c2)N(c2cccc(Cl)c2)C(N)=N1,intermediate,8600.0,5.07
CHEMBL22139,CCCOc1cc(Cc2cnc(N)nc2N)ccc1OCc1cc(OC)c(OC)c(OC)c1,active,1.6,8.8
CHEMBL352195,NC1=NC(c2cccc(Oc3ccc(Cl)cc3)c2)N(c2ccc(Cl)cc2)C(N)=N1,active,85.5,7.07
CHEMBL22271,CCOc1c(Br)cc(-c2c(N)nc(N)nc2CC)cc1Br,active,7.0,8.15
CHEMBL22138,Nc1ncc(Cc2ccc(OCc3ccccc3)c(OCc3ccccc3)c2)c(N)n1,active,60.0,7.22
CHEMBL291931,COc1ccc(Cc2cnc(N)nc2N)cc1OCc1ccccc1,intermediate,1129.6,5.95
CHEMBL119188,CCOc1cc(Cc2cnc(N)nc2N)ccc1OCCCOc1ccccc1,active,0.6,9.22
CHEMBL22139,CCCOc1cc(Cc2cnc(N)nc2N)ccc1OCc1cc(OC)c(OC)c(OC)c1,active,5.6,8.25
CHEMBL22146,COc1cc(Cc2cnc(N)nc2N)ccc1OCc1ccccc1,intermediate,1375.7,5.86
CHEMBL22146,COc1cc(Cc2cnc(N)nc2N)ccc1OCc1ccccc1,active,700.0,6.16
CHEMBL22811,COc1cc(Cc2cnc(N)nc2N)ccc1OCc1cc(OC)c(OC)c(OC)c1,active,124.0,6.91
CHEMBL22811,COc1cc(Cc2cnc(N)nc2N)ccc1OCc1cc(OC)c(OC)c(OC)c1,active,50.0,7.3
CHEMBL22811,COc1cc(Cc2cnc(N)nc2N)ccc1OCc1cc(OC)c(OC)c(OC)c1,active,260.0,6.58
CHEMBL120123,COc1cc(Cc2c(C)nc(N)nc2N)ccc1OCc1ccccc1,intermediate,6840.0,5.17
CHEMBL22148,CCc1nc(N)nc(N)c1-c1ccccc1,active,4.5,8.35
CHEMBL416552,CCCCCCc1nc(N)nc(N)c1-c1ccccc1,active,0.7,9.15
CHEMBL93889,NC1=NC(c2ccccc2)N(c2ccc(Cl)cc2)C(N)=N1,active,196.0,6.71
CHEMBL345146,CC(C)C1(C)N=C(N)N=C(N)N1c1ccc(Cl)cc1,intermediate,4622.0,5.33
CHEMBL161451,NC1=NC(c2ccc(Oc3ccccc3)cc2)N(c2cccc(Cl)c2)C(N)=N1,active,0.9,9.05
CHEMBL161757,NC1=NC(c2cccc(Oc3cc(Cl)cc(Cl)c3)c2)N(c2cccc(Cl)c2)C(N)=N1,active,50.0,7.3
CHEMBL186838,N/C(=N/O)c1ccc(Oc2cc(Cl)cc(Cl)c2)c([N+](=O)[O-])c1,inactive,36800.0,4.43
CHEMBL95783,N/N=C(\S)Nc1ccc(OCc2ccccc2)cc1,inactive,55600.0,4.25
CHEMBL95783,N/N=C(\S)Nc1ccc(OCc2ccccc2)cc1,inactive,13400.0,4.87
CHEMBL95783,N/N=C(\S)Nc1ccc(OCc2ccccc2)cc1,inactive,26500.0,4.58
CHEMBL95609,N/C(=N\O)c1cccc(CS(=O)(=O)c2ccc(Cl)cc2)c1,inactive,30000.0,4.52
CHEMBL95274,N/C(=N\O)c1ccc(CNC(=O)c2ccc(Cl)cc2)cc1,inactive,12300.0,4.91
CHEMBL6741,CC1(C)N=C(N)N=C(N)N1c1ccc(Br)cc1,active,1.1,8.96
CHEMBL36,CCc1nc(N)nc(N)c1-c1ccc(Cl)cc1,active,3.6,8.44
CHEMBL36,CCc1nc(N)nc(N)c1-c1ccc(Cl)cc1,active,380.0,6.42
CHEMBL93974,NC1=NC(c2ccccc2)N(c2ccc(Cl)c(Cl)c2)C(N)=N1,active,11.0,7.96
CHEMBL92182,Cc1ccc(N2C(N)=NC(N)=NC2C)cc1,active,185.0,6.73
CHEMBL5417784,CCc1nc(N)nc(N)c1Cc1ccc(-c2cccc(C(=O)O)c2)cc1.Cl,active,0.29,9.54
CHEMBL22271,CCOc1c(Br)cc(-c2c(N)nc(N)nc2CC)cc1Br,inactive,17400.0,4.76
CHEMBL119188,CCOc1cc(Cc2cnc(N)nc2N)ccc1OCCCOc1ccccc1,active,47.7,7.32
CHEMBL7130,CC1(C)N=C(N)N=C(N)N1c1cccc(Cl)c1,active,25.0,7.6
CHEMBL162126,Nc1nc(N)c(-c2ccccc2)c(CCCOC(=O)c2ccccc2)n1,active,0.7,9.15
CHEMBL93484,CC1N=C(N)N=C(N)N1c1ccc(Cl)cc1,active,4.1,8.39
CHEMBL22693,Nc1nc(N)c(-c2ccccc2)c(CCCc2ccccc2)n1,active,1.9,8.72
CHEMBL21691,Nc1nc(N)c(-c2ccc(Cl)cc2)c(CCCc2ccccc2)n1,active,0.7,9.15
CHEMBL161451,NC1=NC(c2ccc(Oc3ccccc3)cc2)N(c2cccc(Cl)c2)C(N)=N1,active,740.0,6.13
CHEMBL747,CC1(C)N=C(N)N=C(N)N1c1ccc(Cl)cc1,active,420.0,6.38
CHEMBL747,CC1(C)N=C(N)N=C(N)N1c1ccc(Cl)cc1,intermediate,1314.0,5.88
CHEMBL747,CC1(C)N=C(N)N=C(N)N1c1ccc(Cl)cc1,active,40.0,7.4
CHEMBL329687,NC1=NC(c2ccccc2)N(c2cccc(Cl)c2)C(N)=N1,active,250.0,6.6
CHEMBL22403,Nc1nc(N)c(-c2cccc(Cl)c2)c(CCOCCCOc2ccccc2)n1,intermediate,2900.0,5.54
CHEMBL346982,CCCOc1ccc(C2N=C(N)N=C(N)N2c2cccc(Cl)c2)cc1,active,3.3,8.48
CHEMBL346982,CCCOc1ccc(C2N=C(N)N=C(N)N2c2cccc(Cl)c2)cc1,active,2.7,8.57
CHEMBL346982,CCCOc1ccc(C2N=C(N)N=C(N)N2c2cccc(Cl)c2)cc1,active,250.0,6.6
CHEMBL346982,CCCOc1ccc(C2N=C(N)N=C(N)N2c2cccc(Cl)c2)cc1,intermediate,2900.0,5.54
CHEMBL278847,CCc1nc(N)nc(N)c1-c1cccc(Cl)c1,active,3.3,8.48
CHEMBL278847,CCc1nc(N)nc(N)c1-c1cccc(Cl)c1,active,420.0,6.38
CHEMBL161034,NC1=NC(c2ccc(Oc3ccccc3)cc2)N(c2ccc(Cl)cc2)C(N)=N1,intermediate,3100.0,5.51
CHEMBL346963,CCCCCCCC1N=C(N)N=C(N)N1c1cccc(Cl)c1,active,0.3,9.52
CHEMBL346963,CCCCCCCC1N=C(N)N=C(N)N1c1cccc(Cl)c1,active,3.8,8.42
CHEMBL94470,N=C(S)N/N=C/c1ccc(Oc2ncc(C(F)(F)F)cc2Cl)cc1,intermediate,2300.0,5.64
CHEMBL323554,C/N=C(\S)NNC(=O)c1cccn(Cc2cccc(Cl)c2)c1=O,intermediate,7100.0,5.15
CHEMBL13636,CC1N=C(N)N=C(N)N1c1cccc(Cl)c1,active,14.3,7.84
CHEMBL21395,CCOc1cc(Cc2cnc(N)nc2N)ccc1OCc1ccccc1,inactive,14360.0,4.84
CHEMBL21395,CCOc1cc(Cc2cnc(N)nc2N)ccc1OCc1ccccc1,inactive,16470.0,4.78
CHEMBL22139,CCCOc1cc(Cc2cnc(N)nc2N)ccc1OCc1cc(OC)c(OC)c(OC)c1,active,0.4,9.4
CHEMBL22139,CCCOc1cc(Cc2cnc(N)nc2N)ccc1OCc1cc(OC)c(OC)c(OC)c1,active,150.0,6.82
CHEMBL22327,COc1cc(Cc2cnc(N)nc2N)ccc1OCCCc1ccccc1,active,1.8,8.74
CHEMBL274031,Nc1ncc(Cc2cccc(OCc3ccccc3)c2)c(N)n1,active,455.5,6.34
CHEMBL274031,Nc1ncc(Cc2cccc(OCc3ccccc3)c2)c(N)n1,intermediate,2280.0,5.64
CHEMBL274031,Nc1ncc(Cc2cccc(OCc3ccccc3)c2)c(N)n1,active,30.0,7.52
CHEMBL279948,Cc1nc(N)nc(N)c1Cc1ccc(OCc2ccccc2)c(OCc2ccccc2)c1,active,670.0,6.17
CHEMBL279948,Cc1nc(N)nc(N)c1Cc1ccc(OCc2ccccc2)c(OCc2ccccc2)c1,intermediate,2640.0,5.58
CHEMBL21921,Nc1nc(N)c(-c2cccc(Cl)c2)c(CCCc2ccccc2)n1,active,3.0,8.52
CHEMBL21921,Nc1nc(N)c(-c2cccc(Cl)c2)c(CCCc2ccccc2)n1,active,4.2,8.38
CHEMBL21921,Nc1nc(N)c(-c2cccc(Cl)c2)c(CCCc2ccccc2)n1,intermediate,3000.0,5.52
CHEMBL22327,COc1cc(Cc2cnc(N)nc2N)ccc1OCCCc1ccccc1,active,44.2,7.36
CHEMBL278847,CCc1nc(N)nc(N)c1-c1cccc(Cl)c1,active,1.4,8.85
CHEMBL22137,CCc1nc(N)nc(N)c1Cc1ccc(OCc2ccccc2)c(OCc2ccccc2)c1,active,3.7,8.43
CHEMBL365894,N/C(=N/O)c1ccc(Oc2c(Cl)cncc2Cl)cc1,inactive,16000.0,4.8
CHEMBL365894,N/C(=N/O)c1ccc(Oc2c(Cl)cncc2Cl)cc1,intermediate,6200.0,5.21
CHEMBL36,CCc1nc(N)nc(N)c1-c1ccc(Cl)cc1,active,80.0,7.1
CHEMBL95567,NNc1nc2ccccc2nc1NN,active,800.0,6.1
CHEMBL433204,CC(C)(C)C1N=C(N)N=C(N)N1c1ccc(Cl)cc1,intermediate,3838.0,5.42
CHEMBL329687,NC1=NC(c2ccccc2)N(c2cccc(Cl)c2)C(N)=N1,active,11.7,7.93
CHEMBL416552,CCCCCCc1nc(N)nc(N)c1-c1ccccc1,active,0.4,9.4
CHEMBL22148,CCc1nc(N)nc(N)c1-c1ccccc1,active,2.3,8.64
CHEMBL161451,NC1=NC(c2ccc(Oc3ccccc3)cc2)N(c2cccc(Cl)c2)C(N)=N1,active,0.3,9.52
CHEMBL161451,NC1=NC(c2ccc(Oc3ccccc3)cc2)N(c2cccc(Cl)c2)C(N)=N1,active,1.3,8.89
CHEMBL351099,NC1=NC(c2cccc(OCc3ccccc3)c2)N(c2ccc(Cl)cc2)C(N)=N1,active,0.7,9.15
CHEMBL352441,Nc1nc(N)c(-c2cccc(Cl)c2)c(CCCOC(=O)OCc2ccccc2)n1,active,1.2,8.92
CHEMBL352441,Nc1nc(N)c(-c2cccc(Cl)c2)c(CCCOC(=O)OCc2ccccc2)n1,active,1.1,8.96
CHEMBL7130,CC1(C)N=C(N)N=C(N)N1c1cccc(Cl)c1,active,3.0,8.52
CHEMBL21408,Cc1nc(N)nc(N)c1-c1ccccc1,inactive,30800.0,4.51
CHEMBL120123,COc1cc(Cc2c(C)nc(N)nc2N)ccc1OCc1ccccc1,inactive,25240.0,4.6
CHEMBL120123,COc1cc(Cc2c(C)nc(N)nc2N)ccc1OCc1ccccc1,intermediate,2850.0,5.54
CHEMBL29773,CCc1nc(N)nc(N)c1-c1cccc(OC)c1,active,1.07,8.97
CHEMBL119224,Nc1ncc(Cc2cccc(Oc3ccccc3)c2)c(N)n1,intermediate,2860.0,5.54
CHEMBL119224,Nc1ncc(Cc2cccc(Oc3ccccc3)c2)c(N)n1,active,30.0,7.52
CHEMBL118652,COc1cc(Cc2cnc(N)nc2N)ccc1OCCCOCCCOc1ccccc1,intermediate,2191.7,5.66
CHEMBL291931,COc1ccc(Cc2cnc(N)nc2N)cc1OCc1ccccc1,intermediate,3830.0,5.42
CHEMBL22039,Cc1nc(N)nc(N)c1-c1cccc(Cl)c1,active,3.1,8.51
CHEMBL21494,COC(=O)CCCc1nc(N)nc(N)c1-c1cccc(Cl)c1,active,0.5,9.3
CHEMBL22811,COc1cc(Cc2cnc(N)nc2N)ccc1OCc1cc(OC)c(OC)c(OC)c1,active,8.7,8.06
CHEMBL120123,COc1cc(Cc2c(C)nc(N)nc2N)ccc1OCc1ccccc1,active,180.0,6.75
CHEMBL120123,COc1cc(Cc2c(C)nc(N)nc2N)ccc1OCc1ccccc1,intermediate,4820.0,5.32
CHEMBL94470,N=C(S)N/N=C/c1ccc(Oc2ncc(C(F)(F)F)cc2Cl)cc1,intermediate,6800.0,5.17
CHEMBL243185,NC(=S)N/N=C/c1ccccc1,inactive,23600.0,4.63
CHEMBL323554,C/N=C(\S)NNC(=O)c1cccn(Cc2cccc(Cl)c2)c1=O,inactive,13600.0,4.87
CHEMBL21778,CCc1nc(N)nc(N)c1-c1ccc(C)cc1,active,284.0,6.55
CHEMBL21494,COC(=O)CCCc1nc(N)nc(N)c1-c1cccc(Cl)c1,active,1.7,8.77
CHEMBL159052,NC1=NC(c2cccc(OCCCOc3cc(Cl)c(Cl)cc3Cl)c2)N(c2cccc(Cl)c2)C(N)=N1,intermediate,7400.0,5.13
CHEMBL747,CC1(C)N=C(N)N=C(N)N1c1ccc(Cl)cc1,active,2.6,8.59
CHEMBL274031,Nc1ncc(Cc2cccc(OCc3ccccc3)c2)c(N)n1,intermediate,3330.0,5.48
CHEMBL119224,Nc1ncc(Cc2cccc(Oc3ccccc3)c2)c(N)n1,active,81.7,7.09
CHEMBL22137,CCc1nc(N)nc(N)c1Cc1ccc(OCc2ccccc2)c(OCc2ccccc2)c1,active,99.1,7.0
CHEMBL22137,CCc1nc(N)nc(N)c1Cc1ccc(OCc2ccccc2)c(OCc2ccccc2)c1,active,540.0,6.27
CHEMBL21921,Nc1nc(N)c(-c2cccc(Cl)c2)c(CCCc2ccccc2)n1,active,42.0,7.38
CHEMBL326989,CCCOc1ccc(Cc2cnc(N)nc2N)cc1,intermediate,1091.3,5.96
CHEMBL22139,CCCOc1cc(Cc2cnc(N)nc2N)ccc1OCc1cc(OC)c(OC)c(OC)c1,active,105.6,6.98
CHEMBL22139,CCCOc1cc(Cc2cnc(N)nc2N)ccc1OCc1cc(OC)c(OC)c(OC)c1,active,258.6,6.59
CHEMBL22139,CCCOc1cc(Cc2cnc(N)nc2N)ccc1OCc1cc(OC)c(OC)c(OC)c1,intermediate,9750.0,5.01
CHEMBL416376,COc1cc(COc2ccc(Cc3cnc(N)nc3N)cc2)cc(OC)c1OC,active,5.2,8.28
CHEMBL118602,CCc1nc(N)nc(N)c1Cc1ccc(OCc2ccccc2)c(OC)c1,active,3.5,8.46
CHEMBL118602,CCc1nc(N)nc(N)c1Cc1ccc(OCc2ccccc2)c(OC)c1,inactive,11300.0,4.95
CHEMBL94470,N=C(S)N/N=C/c1ccc(Oc2ncc(C(F)(F)F)cc2Cl)cc1,intermediate,9000.0,5.05
CHEMBL21357,Cc1nc(N)nc(N)c1-c1ccc(Cl)cc1,active,0.84,9.08
CHEMBL419055,CCc1nc(N)nc(N)c1Cc1cc(OC)c(OC)c(OC)c1,active,697.6,6.16
CHEMBL22357,CCc1nc(N)nc(N)c1-c1ccc(Cl)cc1Cl,active,0.92,9.04
CHEMBL22271,CCOc1c(Br)cc(-c2c(N)nc(N)nc2CC)cc1Br,active,37.0,7.43
CHEMBL7005,CC1(C)N=C(N)N=C(N)N1c1ccc(F)cc1,active,170.0,6.77
CHEMBL22405,COC(=O)CCCc1nc(N)nc(N)c1-c1ccc(Cl)cc1,active,0.14,9.85
CHEMBL22403,Nc1nc(N)c(-c2cccc(Cl)c2)c(CCOCCCOc2ccccc2)n1,active,13.0,7.89
CHEMBL90018,NC1=NCN(c2ccc(Cl)cc2)C(N)=N1,active,0.84,9.08
CHEMBL95783,N/N=C(\S)Nc1ccc(OCc2ccccc2)cc1,intermediate,2000.0,5.7
CHEMBL365894,N/C(=N/O)c1ccc(Oc2c(Cl)cncc2Cl)cc1,active,930.0,6.03
CHEMBL129788,CC1(C)N=C(N)N=C(N)N1OCCCOc1cc(Cl)c(Cl)cc1Cl,active,1.1,8.96
CHEMBL434771,CCc1nc(N)nc(N)c1-c1ccc2c(c1)OCO2,active,72.0,7.14
CHEMBL21691,Nc1nc(N)c(-c2ccc(Cl)cc2)c(CCCc2ccccc2)n1,active,0.74,9.13
CHEMBL747,CC1(C)N=C(N)N=C(N)N1c1ccc(Cl)cc1,active,82.1,7.09
CHEMBL36,CCc1nc(N)nc(N)c1-c1ccc(Cl)cc1,active,1.4,8.85
CHEMBL323554,C/N=C(\S)NNC(=O)c1cccn(Cc2cccc(Cl)c2)c1=O,inactive,11300.0,4.95
CHEMBL95725,COC(=O)c1sccc1-c1ccc(/C(C)=N/NC(N)=O)o1,inactive,16000.0,4.8
CHEMBL161757,NC1=NC(c2cccc(Oc3cc(Cl)cc(Cl)c3)c2)N(c2cccc(Cl)c2)C(N)=N1,active,4.7,8.33
CHEMBL92583,CC1(C)N=C(N)N=C(N)N1c1ccc(Cl)c(Cl)c1,active,1.1,8.96
CHEMBL118425,Nc1ncc(Cc2ccc(OCCCOCCCOc3ccccc3)cc2)c(N)n1,intermediate,1589.0,5.8
CHEMBL351099,NC1=NC(c2cccc(OCc3ccccc3)c2)N(c2ccc(Cl)cc2)C(N)=N1,active,638.0,6.2
CHEMBL161117,NC1=NC(c2cccc(Oc3ccccc3)c2)N(c2cccc(Cl)c2)C(N)=N1,active,2.5,8.6
CHEMBL161117,NC1=NC(c2cccc(Oc3ccccc3)c2)N(c2cccc(Cl)c2)C(N)=N1,intermediate,2200.0,5.66
CHEMBL282275,CCc1nc(N)nc(N)c1-c1ccc(Br)cc1,active,0.84,9.08
CHEMBL22693,Nc1nc(N)c(-c2ccccc2)c(CCCc2ccccc2)n1,active,0.5,9.3
CHEMBL434771,CCc1nc(N)nc(N)c1-c1ccc2c(c1)OCO2,active,1.1,8.96
CHEMBL21494,COC(=O)CCCc1nc(N)nc(N)c1-c1cccc(Cl)c1,active,0.77,9.11
CHEMBL158570,NC1=NC(c2cccc(Oc3ccc(Cl)cc3)c2)N(c2cccc(Cl)c2)C(N)=N1,active,5.1,8.29
CHEMBL22405,COC(=O)CCCc1nc(N)nc(N)c1-c1ccc(Cl)cc1,active,27.4,7.56
CHEMBL280410,COc1cc(COc2cc(Cc3cnc(N)nc3N)ccc2OCc2ccccc2)cc(OC)c1OC,inactive,17500.0,4.76
CHEMBL324775,CCCCCCCOc1cc(Cc2cnc(N)nc2N)ccc1OC,active,292.4,6.53
CHEMBL21690,Nc1ncc(-c2ccccc2)c(N)n1,active,41.9,7.38
CHEMBL7130,CC1(C)N=C(N)N=C(N)N1c1cccc(Cl)c1,active,3.7,8.43
CHEMBL93889,NC1=NC(c2ccccc2)N(c2ccc(Cl)cc2)C(N)=N1,intermediate,2436.0,5.61
CHEMBL282275,CCc1nc(N)nc(N)c1-c1ccc(Br)cc1,active,44.3,7.35
CHEMBL22148,CCc1nc(N)nc(N)c1-c1ccccc1,intermediate,3300.0,5.48
CHEMBL434771,CCc1nc(N)nc(N)c1-c1ccc2c(c1)OCO2,active,17.2,7.76
CHEMBL22357,CCc1nc(N)nc(N)c1-c1ccc(Cl)cc1Cl,inactive,22500.0,4.65
CHEMBL21921,Nc1nc(N)c(-c2cccc(Cl)c2)c(CCCc2ccccc2)n1,active,1.2,8.92
CHEMBL19633,COc1ccc(Cc2cnc(N)nc2N)cc1OC,active,11.5,7.94
CHEMBL119669,CCCCCOc1cc(Cc2cnc(N)nc2N)ccc1OC,active,444.2,6.35
CHEMBL120123,COc1cc(Cc2c(C)nc(N)nc2N)ccc1OCc1ccccc1,active,89.5,7.05
CHEMBL119224,Nc1ncc(Cc2cccc(Oc3ccccc3)c2)c(N)n1,inactive,19080.0,4.72
CHEMBL22137,CCc1nc(N)nc(N)c1Cc1ccc(OCc2ccccc2)c(OCc2ccccc2)c1,active,3.7,8.43
CHEMBL22137,CCc1nc(N)nc(N)c1Cc1ccc(OCc2ccccc2)c(OCc2ccccc2)c1,intermediate,3570.0,5.45
CHEMBL326989,CCCOc1ccc(Cc2cnc(N)nc2N)cc1,active,211.5,6.67
CHEMBL332013,CCOc1ccc(Cc2cnc(N)nc2N)cc1OC,intermediate,3541.8,5.45
CHEMBL332013,CCOc1ccc(Cc2cnc(N)nc2N)cc1OC,inactive,11817.9,4.93
CHEMBL278847,CCc1nc(N)nc(N)c1-c1cccc(Cl)c1,active,12.7,7.9
CHEMBL29773,CCc1nc(N)nc(N)c1-c1cccc(OC)c1,active,73.0,7.14
CHEMBL22139,CCCOc1cc(Cc2cnc(N)nc2N)ccc1OCc1cc(OC)c(OC)c(OC)c1,active,30.0,7.52
CHEMBL21885,CCc1nc(N)nc(N)c1-c1ccc(C(C)(C)C)cc1,active,0.6,9.22
CHEMBL21395,CCOc1cc(Cc2cnc(N)nc2N)ccc1OCc1ccccc1,active,7.1,8.15
CHEMBL21395,CCOc1cc(Cc2cnc(N)nc2N)ccc1OCc1ccccc1,inactive,16600.0,4.78
CHEMBL90703,CCCC1N=C(N)N=C(N)N1c1ccc(Cl)cc1,active,107.0,6.97
CHEMBL161117,NC1=NC(c2cccc(Oc3ccccc3)c2)N(c2cccc(Cl)c2)C(N)=N1,intermediate,3500.0,5.46
CHEMBL158054,CCCC1(C)N=C(N)N=C(N)N1c1ccc(Cl)cc1,intermediate,3654.0,5.44
CHEMBL158570,NC1=NC(c2cccc(Oc3ccc(Cl)cc3)c2)N(c2cccc(Cl)c2)C(N)=N1,intermediate,2600.0,5.58
CHEMBL158570,NC1=NC(c2cccc(Oc3ccc(Cl)cc3)c2)N(c2cccc(Cl)c2)C(N)=N1,intermediate,3100.0,5.51
CHEMBL161034,NC1=NC(c2ccc(Oc3ccccc3)cc2)N(c2ccc(Cl)cc2)C(N)=N1,active,222.0,6.65
CHEMBL22039,Cc1nc(N)nc(N)c1-c1cccc(Cl)c1,active,14.0,7.85
CHEMBL158570,NC1=NC(c2cccc(Oc3ccc(Cl)cc3)c2)N(c2cccc(Cl)c2)C(N)=N1,active,1.3,8.89
CHEMBL21921,Nc1nc(N)c(-c2cccc(Cl)c2)c(CCCc2ccccc2)n1,active,2.0,8.7
CHEMBL159052,NC1=NC(c2cccc(OCCCOc3cc(Cl)c(Cl)cc3Cl)c2)N(c2cccc(Cl)c2)C(N)=N1,active,4.0,8.4
CHEMBL280410,COc1cc(COc2cc(Cc3cnc(N)nc3N)ccc2OCc2ccccc2)cc(OC)c1OC,active,179.6,6.75
CHEMBL95274,N/C(=N\O)c1ccc(CNC(=O)c2ccc(Cl)cc2)cc1,inactive,93000.0,4.03
CHEMBL97598,C/C(=N\N=C(/N)S)c1ccc(Oc2c(Cl)cncc2Cl)cc1,intermediate,1500.0,5.82
CHEMBL416376,COc1cc(COc2ccc(Cc3cnc(N)nc3N)cc2)cc(OC)c1OC,inactive,19850.0,4.7
CHEMBL118602,CCc1nc(N)nc(N)c1Cc1ccc(OCc2ccccc2)c(OC)c1,intermediate,3737.7,5.43
CHEMBL118602,CCc1nc(N)nc(N)c1Cc1ccc(OCc2ccccc2)c(OC)c1,active,732.5,6.13
CHEMBL22,COc1cc(Cc2cnc(N)nc2N)cc(OC)c1OC,active,10.3,7.99
CHEMBL333779,CCOc1cc(Cc2cnc(N)nc2N)ccc1OCCCc1ccccc1,active,525.3,6.28
CHEMBL21395,CCOc1cc(Cc2cnc(N)nc2N)ccc1OCc1ccccc1,active,570.0,6.24
CHEMBL21395,CCOc1cc(Cc2cnc(N)nc2N)ccc1OCc1ccccc1,active,431.4,6.37
CHEMBL21395,CCOc1cc(Cc2cnc(N)nc2N)ccc1OCc1ccccc1,inactive,16590.0,4.78
CHEMBL115483,COc1cc(Cc2cnc(N)nc2N)ccc1OCCCOc1ccccc1,active,605.8,6.22
CHEMBL159040,Nc1nc(N)c(-c2ccccc2)c(CCCO)n1,active,58.5,7.23
CHEMBL422005,Nc1nc(N)c(-c2cccc(Cl)c2)c(CCCO)n1,active,2.3,8.64
CHEMBL422005,Nc1nc(N)c(-c2cccc(Cl)c2)c(CCCO)n1,active,57.0,7.24
CHEMBL21494,COC(=O)CCCc1nc(N)nc(N)c1-c1cccc(Cl)c1,active,0.5,9.3
CHEMBL158570,NC1=NC(c2cccc(Oc3ccc(Cl)cc3)c2)N(c2cccc(Cl)c2)C(N)=N1,intermediate,2000.0,5.7
CHEMBL158570,NC1=NC(c2cccc(Oc3ccc(Cl)cc3)c2)N(c2cccc(Cl)c2)C(N)=N1,intermediate,3200.0,5.5
CHEMBL36,CCc1nc(N)nc(N)c1-c1ccc(Cl)cc1,active,112.0,6.95
CHEMBL22,COc1cc(Cc2cnc(N)nc2N)cc(OC)c1OC,active,10.3,7.99
CHEMBL13636,CC1N=C(N)N=C(N)N1c1cccc(Cl)c1,active,9.9,8.0
CHEMBL348151,NC1=NC(c2cccc(Oc3cccc(C(F)(F)F)c3)c2)N(c2cccc(Cl)c2)C(N)=N1,intermediate,2800.0,5.55
CHEMBL347190,CC(=O)OCCCc1nc(N)nc(N)c1-c1ccccc1,active,18.0,7.75
CHEMBL346982,CCCOc1ccc(C2N=C(N)N=C(N)N2c2cccc(Cl)c2)cc1,active,4.0,8.4
CHEMBL416552,CCCCCCc1nc(N)nc(N)c1-c1ccccc1,active,0.3,9.52
CHEMBL5415214,CCc1nc(N)nc(N)c1Cc1cccc(-c2cccc(C(=O)OC)c2)c1.Cl,active,0.21,9.68
CHEMBL4209975,COc1cc(OC)cc(C(=O)NCCc2ccc(CNc3ccc4nc(N)nc(N)c4c3)cc2)c1,active,32.1,7.49
CHEMBL22403,Nc1nc(N)c(-c2cccc(Cl)c2)c(CCOCCCOc2ccccc2)n1,active,1.7,8.77
CHEMBL21778,CCc1nc(N)nc(N)c1-c1ccc(C)cc1,inactive,12700.0,4.9
CHEMBL21408,Cc1nc(N)nc(N)c1-c1ccccc1,active,25.6,7.59
CHEMBL4212687,Nc1nc(N)c2cc(NCc3ccc(CCNC(=O)C4CCCCC4)cc3)ccc2n1,active,225.5,6.65
CHEMBL4213489,Nc1nc(N)c2cc(NCc3ccc(CCNC(=O)c4ccc(C(F)(F)F)cc4)cc3)ccc2n1,active,21.3,7.67
CHEMBL4216274,Nc1nc(N)c2cc(NCc3ccc(CCNC(=O)c4ccco4)cc3)ccc2n1,active,107.4,6.97
CHEMBL4203015,Nc1nc(N)c2cc(NCc3ccc(CCNC(=O)Cc4ccccc4)cc3)ccc2n1,active,70.1,7.15
CHEMBL365894,N/C(=N/O)c1ccc(Oc2c(Cl)cncc2Cl)cc1,inactive,25200.0,4.6
CHEMBL185800,Cc1cc2nc3n(c2cc1C)C(C)(C)NC(N)=N3,active,180.0,6.75
CHEMBL278813,COc1ccc(CCCc2nc(N)nc(N)c2-c2cccc(Cl)c2)cc1,active,11.0,7.96
CHEMBL279509,COc1cc(Cc2cnc(N)nc2N)cc(OC)c1OCc1ccccc1,active,4.2,8.38
CHEMBL22693,Nc1nc(N)c(-c2ccccc2)c(CCCc2ccccc2)n1,intermediate,2700.0,5.57
CHEMBL161673,CCCCCCC1(C)N=C(N)N=C(N)N1c1ccc(Cl)cc1,active,20.0,7.7
CHEMBL161673,CCCCCCC1(C)N=C(N)N=C(N)N1c1ccc(Cl)cc1,intermediate,1900.0,5.72
CHEMBL161673,CCCCCCC1(C)N=C(N)N=C(N)N1c1ccc(Cl)cc1,intermediate,4100.0,5.39
CHEMBL119086,CCCOc1cc(Cc2c(N)nc(N)nc2CC)ccc1OCc1cc(OC)c(OC)c(OC)c1,active,154.2,6.81
CHEMBL279948,Cc1nc(N)nc(N)c1Cc1ccc(OCc2ccccc2)c(OCc2ccccc2)c1,intermediate,4480.0,5.35
CHEMBL118652,COc1cc(Cc2cnc(N)nc2N)ccc1OCCCOCCCOc1ccccc1,active,1.8,8.74
CHEMBL118602,CCc1nc(N)nc(N)c1Cc1ccc(OCc2ccccc2)c(OC)c1,active,60.1,7.22
CHEMBL21494,COC(=O)CCCc1nc(N)nc(N)c1-c1cccc(Cl)c1,active,1.8,8.74
CHEMBL348151,NC1=NC(c2cccc(Oc3cccc(C(F)(F)F)c3)c2)N(c2cccc(Cl)c2)C(N)=N1,active,2.7,8.57
CHEMBL348151,NC1=NC(c2cccc(Oc3cccc(C(F)(F)F)c3)c2)N(c2cccc(Cl)c2)C(N)=N1,active,0.6,9.22
CHEMBL329687,NC1=NC(c2ccccc2)N(c2cccc(Cl)c2)C(N)=N1,active,111.0,6.96
CHEMBL329687,NC1=NC(c2ccccc2)N(c2cccc(Cl)c2)C(N)=N1,active,10.5,7.98
CHEMBL329687,NC1=NC(c2ccccc2)N(c2cccc(Cl)c2)C(N)=N1,active,800.0,6.1
CHEMBL22403,Nc1nc(N)c(-c2cccc(Cl)c2)c(CCOCCCOc2ccccc2)n1,active,350.0,6.46
CHEMBL22403,Nc1nc(N)c(-c2cccc(Cl)c2)c(CCOCCCOc2ccccc2)n1,intermediate,4600.0,5.34
CHEMBL22811,COc1cc(Cc2cnc(N)nc2N)ccc1OCc1cc(OC)c(OC)c(OC)c1,inactive,27800.0,4.56
CHEMBL278847,CCc1nc(N)nc(N)c1-c1cccc(Cl)c1,intermediate,1300.0,5.89
CHEMBL159052,NC1=NC(c2cccc(OCCCOc3cc(Cl)c(Cl)cc3Cl)c2)N(c2cccc(Cl)c2)C(N)=N1,intermediate,3000.0,5.52
CHEMBL158639,CCCC1(C)N=C(N)N=C(N)N1c1cccc(Cl)c1,active,39.4,7.41
CHEMBL158639,CCCC1(C)N=C(N)N=C(N)N1c1cccc(Cl)c1,active,180.0,6.75
CHEMBL158639,CCCC1(C)N=C(N)N=C(N)N1c1cccc(Cl)c1,active,290.0,6.54
CHEMBL158639,CCCC1(C)N=C(N)N=C(N)N1c1cccc(Cl)c1,intermediate,1100.0,5.96
CHEMBL346982,CCCOc1ccc(C2N=C(N)N=C(N)N2c2cccc(Cl)c2)cc1,intermediate,2900.0,5.54
CHEMBL118425,Nc1ncc(Cc2ccc(OCCCOCCCOc3ccccc3)cc2)c(N)n1,active,7.0,8.15
CHEMBL22901,CCOc1cc(Cc2cnc(N)nc2N)ccc1OCc1cc(OC)c(OC)c(OC)c1,active,1.8,8.74
CHEMBL22137,CCc1nc(N)nc(N)c1Cc1ccc(OCc2ccccc2)c(OCc2ccccc2)c1,active,204.7,6.69
CHEMBL22137,CCc1nc(N)nc(N)c1Cc1ccc(OCc2ccccc2)c(OCc2ccccc2)c1,intermediate,3020.0,5.52
CHEMBL22138,Nc1ncc(Cc2ccc(OCc3ccccc3)c(OCc3ccccc3)c2)c(N)n1,intermediate,2454.0,5.61
CHEMBL56146,Nc1ncc(Cc2ccc(OCc3ccccc3)cc2)c(N)n1,active,101.0,7.0
CHEMBL56146,Nc1ncc(Cc2ccc(OCc3ccccc3)cc2)c(N)n1,active,130.0,6.89
CHEMBL291931,COc1ccc(Cc2cnc(N)nc2N)cc1OCc1ccccc1,active,629.8,6.2
CHEMBL291931,COc1ccc(Cc2cnc(N)nc2N)cc1OCc1ccccc1,active,30.0,7.52
CHEMBL291931,COc1ccc(Cc2cnc(N)nc2N)cc1OCc1ccccc1,intermediate,5730.0,5.24
CHEMBL22,COc1cc(Cc2cnc(N)nc2N)cc(OC)c1OC,intermediate,6664.5,5.18
CHEMBL419055,CCc1nc(N)nc(N)c1Cc1cc(OC)c(OC)c(OC)c1,active,466.8,6.33
CHEMBL416373,CCCCOc1cc(Cc2cnc(N)nc2N)ccc1OCc1cc(OC)c(OC)c(OC)c1,active,258.6,6.59
CHEMBL416373,CCCCOc1cc(Cc2cnc(N)nc2N)ccc1OCc1cc(OC)c(OC)c(OC)c1,active,50.0,7.3
CHEMBL416373,CCCCOc1cc(Cc2cnc(N)nc2N)ccc1OCc1cc(OC)c(OC)c(OC)c1,inactive,15910.0,4.8
CHEMBL416376,COc1cc(COc2ccc(Cc3cnc(N)nc3N)cc2)cc(OC)c1OC,active,5.2,8.28
CHEMBL21778,CCc1nc(N)nc(N)c1-c1ccc(C)cc1,active,0.4,9.4
CHEMBL22327,COc1cc(Cc2cnc(N)nc2N)ccc1OCCCc1ccccc1,inactive,11700.0,4.93
CHEMBL22357,CCc1nc(N)nc(N)c1-c1ccc(Cl)cc1Cl,active,12.6,7.9
CHEMBL22357,CCc1nc(N)nc(N)c1-c1ccc(Cl)cc1Cl,intermediate,1141.3,5.94
CHEMBL4210735,Nc1nc(N)c2cc(NCc3ccc(CCNC(=O)c4ccc5c(c4)OCCO5)cc3)ccc2n1,active,80.9,7.09
CHEMBL186838,N/C(=N/O)c1ccc(Oc2cc(Cl)cc(Cl)c2)c([N+](=O)[O-])c1,intermediate,9800.0,5.01
CHEMBL7130,CC1(C)N=C(N)N=C(N)N1c1cccc(Cl)c1,active,90.0,7.05
CHEMBL95609,N/C(=N\O)c1cccc(CS(=O)(=O)c2ccc(Cl)cc2)c1,active,800.0,6.1
CHEMBL346963,CCCCCCCC1N=C(N)N=C(N)N1c1cccc(Cl)c1,active,1.0,9.0
CHEMBL7130,CC1(C)N=C(N)N=C(N)N1c1cccc(Cl)c1,active,50.0,7.3
CHEMBL278847,CCc1nc(N)nc(N)c1-c1cccc(Cl)c1,active,2.4,8.62
CHEMBL278847,CCc1nc(N)nc(N)c1-c1cccc(Cl)c1,active,2.7,8.57
CHEMBL325533,COc1cc(Cc2c(C)nc(N)nc2N)cc(OC)c1OC,inactive,22730.0,4.64
CHEMBL324775,CCCCCCCOc1cc(Cc2cnc(N)nc2N)ccc1OC,active,103.5,6.99
CHEMBL158054,CCCC1(C)N=C(N)N=C(N)N1c1ccc(Cl)cc1,intermediate,9229.0,5.04
CHEMBL2364573,NC(=O)c1ccc[n+]([C@H]2O[C@@H](COP(=O)([O-])OP(=O)(O)OC[C@H]3O[C@@H](n4cnc5c(N)ncnc54)[C@H](OP(=O)(O)O)[C@@H]3O)[C@H](O)[C@@H]2O)c1,active,14.5,7.84
CHEMBL186838,N/C(=N/O)c1ccc(Oc2cc(Cl)cc(Cl)c2)c([N+](=O)[O-])c1,inactive,32600.0,4.49
CHEMBL95783,N/N=C(\S)Nc1ccc(OCc2ccccc2)cc1,inactive,13700.0,4.86
CHEMBL95615,C=CCNC(=S)NNC(=O)c1cccn(Cc2cccc(Cl)c2)c1=O,intermediate,1700.0,5.77
CHEMBL416376,COc1cc(COc2ccc(Cc3cnc(N)nc3N)cc2)cc(OC)c1OC,active,170.0,6.77
CHEMBL118652,COc1cc(Cc2cnc(N)nc2N)ccc1OCCCOCCCOc1ccccc1,active,424.8,6.37
CHEMBL118602,CCc1nc(N)nc(N)c1Cc1ccc(OCc2ccccc2)c(OC)c1,active,50.0,7.3
CHEMBL444605,CC(=O)OCCCc1nc(N)nc(N)c1-c1cccc(Cl)c1,intermediate,1800.0,5.75
CHEMBL354011,NC1=NC(c2cccc(OCc3ccccc3)c2)N(c2cccc(Cl)c2)C(N)=N1,intermediate,3300.0,5.48
CHEMBL56146,Nc1ncc(Cc2ccc(OCc3ccccc3)cc2)c(N)n1,active,6.5,8.19
CHEMBL56146,Nc1ncc(Cc2ccc(OCc3ccccc3)cc2)c(N)n1,intermediate,4636.7,5.33
CHEMBL56146,Nc1ncc(Cc2ccc(OCc3ccccc3)cc2)c(N)n1,inactive,15150.0,4.82
CHEMBL119086,CCCOc1cc(Cc2c(N)nc(N)nc2CC)ccc1OCc1cc(OC)c(OC)c(OC)c1,active,1.8,8.74
CHEMBL158054,CCCC1(C)N=C(N)N=C(N)N1c1ccc(Cl)cc1,intermediate,4432.0,5.35
CHEMBL118425,Nc1ncc(Cc2ccc(OCCCOCCCOc3ccccc3)cc2)c(N)n1,active,263.6,6.58
CHEMBL118668,Nc1ncc(Cc2ccc(OCCCc3ccccc3)cc2)c(N)n1,intermediate,3044.8,5.52
CHEMBL419231,CCCOc1cc(Cc2cnc(N)nc2N)ccc1OC,active,1.8,8.74
CHEMBL419231,CCCOc1cc(Cc2cnc(N)nc2N)ccc1OC,active,919.6,6.04
CHEMBL278813,COc1ccc(CCCc2nc(N)nc(N)c2-c2cccc(Cl)c2)cc1,intermediate,4700.0,5.33
CHEMBL278847,CCc1nc(N)nc(N)c1-c1cccc(Cl)c1,active,0.8,9.1
CHEMBL279986,CCc1nc(N)nc(N)c1-c1ccc(-c2ccccc2)cc1,active,90.0,7.05
CHEMBL747,CC1(C)N=C(N)N=C(N)N1c1ccc(Cl)cc1,active,1.1,8.96
CHEMBL7004,Cc1ccc(N2C(N)=NC(N)=NC2(C)C)cc1,active,1.6,8.8
CHEMBL6742,CC1(C)N=C(N)N=C(N)N1c1ccccc1,active,140.0,6.85
CHEMBL95725,COC(=O)c1sccc1-c1ccc(/C(C)=N/NC(N)=O)o1,inactive,20000.0,4.7
CHEMBL281412,CCc1nc(N)nc(N)c1-c1ccc(OC)cc1,active,1.3,8.89
CHEMBL21414,Nc1ncc(-c2cccc(Cl)c2)c(N)n1,active,75.0,7.12
CHEMBL6741,CC1(C)N=C(N)N=C(N)N1c1ccc(Br)cc1,active,1.2,8.92
CHEMBL92583,CC1(C)N=C(N)N=C(N)N1c1ccc(Cl)c(Cl)c1,active,1.1,8.96
CHEMBL95615,C=CCNC(=S)NNC(=O)c1cccn(Cc2cccc(Cl)c2)c1=O,active,410.0,6.39
CHEMBL243185,NC(=S)N/N=C/c1ccccc1,inactive,31000.0,4.51
CHEMBL416376,COc1cc(COc2ccc(Cc3cnc(N)nc3N)cc2)cc(OC)c1OC,active,1.3,8.89
CHEMBL36,CCc1nc(N)nc(N)c1-c1ccc(Cl)cc1,active,25.5,7.59
CHEMBL4213904,Nc1nc(N)c2cc(NCc3ccc(CCNC(=O)c4ccc([N+](=O)[O-])cc4)cc3)ccc2n1,active,55.6,7.25
CHEMBL279948,Cc1nc(N)nc(N)c1Cc1ccc(OCc2ccccc2)c(OCc2ccccc2)c1,active,8.6,8.07
CHEMBL279948,Cc1nc(N)nc(N)c1Cc1ccc(OCc2ccccc2)c(OCc2ccccc2)c1,intermediate,4380.0,5.36
CHEMBL279948,Cc1nc(N)nc(N)c1Cc1ccc(OCc2ccccc2)c(OCc2ccccc2)c1,active,30.0,7.52
CHEMBL326989,CCCOc1ccc(Cc2cnc(N)nc2N)cc1,intermediate,1518.0,5.82
CHEMBL22039,Cc1nc(N)nc(N)c1-c1cccc(Cl)c1,intermediate,4800.0,5.32
CHEMBL281412,CCc1nc(N)nc(N)c1-c1ccc(OC)cc1,active,86.0,7.07
CHEMBL21921,Nc1nc(N)c(-c2cccc(Cl)c2)c(CCCc2ccccc2)n1,active,1.2,8.92
CHEMBL22138,Nc1ncc(Cc2ccc(OCc3ccccc3)c(OCc3ccccc3)c2)c(N)n1,active,1.7,8.77
CHEMBL22138,Nc1ncc(Cc2ccc(OCc3ccccc3)c(OCc3ccccc3)c2)c(N)n1,active,110.0,6.96
CHEMBL56146,Nc1ncc(Cc2ccc(OCc3ccccc3)cc2)c(N)n1,active,994.0,6.0
CHEMBL416373,CCCCOc1cc(Cc2cnc(N)nc2N)ccc1OCc1cc(OC)c(OC)c(OC)c1,active,0.4,9.4
CHEMBL13636,CC1N=C(N)N=C(N)N1c1cccc(Cl)c1,active,38.7,7.41
CHEMBL19633,COc1ccc(Cc2cnc(N)nc2N)cc1OC,intermediate,2646.8,5.58
CHEMBL354011,NC1=NC(c2cccc(OCc3ccccc3)c2)N(c2cccc(Cl)c2)C(N)=N1,intermediate,7500.0,5.12
CHEMBL22405,COC(=O)CCCc1nc(N)nc(N)c1-c1ccc(Cl)cc1,active,360.0,6.44
CHEMBL159052,NC1=NC(c2cccc(OCCCOc3cc(Cl)c(Cl)cc3Cl)c2)N(c2cccc(Cl)c2)C(N)=N1,active,2.0,8.7
CHEMBL346932,Nc1nc(N)c(-c2cccc(Cl)c2)c(CCCOC(=O)c2ccccc2)n1,intermediate,2000.0,5.7
CHEMBL346932,Nc1nc(N)c(-c2cccc(Cl)c2)c(CCCOC(=O)c2ccccc2)n1,intermediate,7500.0,5.12
CHEMBL158639,CCCC1(C)N=C(N)N=C(N)N1c1cccc(Cl)c1,active,180.0,6.75
CHEMBL279509,COc1cc(Cc2cnc(N)nc2N)cc(OC)c1OCc1ccccc1,active,71.9,7.14
CHEMBL434771,CCc1nc(N)nc(N)c1-c1ccc2c(c1)OCO2,active,34.6,7.46
CHEMBL346963,CCCCCCCC1N=C(N)N=C(N)N1c1cccc(Cl)c1,active,260.0,6.58
CHEMBL21407,COC(=O)CCCc1nc(N)nc(N)c1-c1ccccc1,active,24.0,7.62
CHEMBL22693,Nc1nc(N)c(-c2ccccc2)c(CCCc2ccccc2)n1,intermediate,2700.0,5.57
CHEMBL93484,CC1N=C(N)N=C(N)N1c1ccc(Cl)cc1,active,134.0,6.87
CHEMBL161034,NC1=NC(c2ccc(Oc3ccccc3)cc2)N(c2ccc(Cl)cc2)C(N)=N1,intermediate,4800.0,5.32
CHEMBL36,CCc1nc(N)nc(N)c1-c1ccc(Cl)cc1,inactive,73500.0,4.13
CHEMBL348151,NC1=NC(c2cccc(Oc3cccc(C(F)(F)F)c3)c2)N(c2cccc(Cl)c2)C(N)=N1,intermediate,2800.0,5.55
CHEMBL95567,NNc1nc2ccccc2nc1NN,intermediate,3600.0,5.44
CHEMBL22129,CCc1nc(N)nc(N)c1-c1ccc(OCc2ccc(Cl)cc2Cl)c(OC)c1,active,1.0,9.0
CHEMBL119568,Nc1ncc(Cc2ccc(OCCCOc3ccccc3)cc2)c(N)n1,active,6.5,8.19
CHEMBL119568,Nc1ncc(Cc2ccc(OCCCOc3ccccc3)cc2)c(N)n1,active,169.9,6.77
CHEMBL119568,Nc1ncc(Cc2ccc(OCCCOc3ccccc3)cc2)c(N)n1,intermediate,2261.0,5.65
CHEMBL119189,CCCCCOc1ccc(Cc2cnc(N)nc2N)cc1OCC,active,901.7,6.04
CHEMBL291931,COc1ccc(Cc2cnc(N)nc2N)cc1OCc1ccccc1,inactive,17480.0,4.76
CHEMBL291931,COc1ccc(Cc2cnc(N)nc2N)cc1OCc1ccccc1,active,50.0,7.3
CHEMBL119188,CCOc1cc(Cc2cnc(N)nc2N)ccc1OCCCOc1ccccc1,active,166.4,6.78
CHEMBL119188,CCOc1cc(Cc2cnc(N)nc2N)ccc1OCCCOc1ccccc1,active,770.1,6.11
CHEMBL21778,CCc1nc(N)nc(N)c1-c1ccc(C)cc1,active,1.1,8.96
CHEMBL21885,CCc1nc(N)nc(N)c1-c1ccc(C(C)(C)C)cc1,active,0.77,9.11
CHEMBL21885,CCc1nc(N)nc(N)c1-c1ccc(C(C)(C)C)cc1,active,66.2,7.18
CHEMBL7130,CC1(C)N=C(N)N=C(N)N1c1cccc(Cl)c1,active,14.0,7.85
CHEMBL352441,Nc1nc(N)c(-c2cccc(Cl)c2)c(CCCOC(=O)OCc2ccccc2)n1,active,3.6,8.44
CHEMBL352441,Nc1nc(N)c(-c2cccc(Cl)c2)c(CCCOC(=O)OCc2ccccc2)n1,intermediate,1900.0,5.72
CHEMBL444605,CC(=O)OCCCc1nc(N)nc(N)c1-c1cccc(Cl)c1,active,31.4,7.5
CHEMBL444605,CC(=O)OCCCc1nc(N)nc(N)c1-c1cccc(Cl)c1,intermediate,5300.0,5.28
CHEMBL354011,NC1=NC(c2cccc(OCc3ccccc3)c2)N(c2cccc(Cl)c2)C(N)=N1,intermediate,4000.0,5.4
CHEMBL161117,NC1=NC(c2cccc(Oc3ccccc3)c2)N(c2cccc(Cl)c2)C(N)=N1,active,3.0,8.52
CHEMBL161009,CCCCCCC1(C)N=C(N)N=C(N)N1c1cccc(Cl)c1,active,2.4,8.62
CHEMBL159032,NC1=NC(c2cccc(Oc3ccccc3)c2)N(c2ccc(Cl)cc2)C(N)=N1,active,0.5,9.3
CHEMBL159032,NC1=NC(c2cccc(Oc3ccccc3)c2)N(c2ccc(Cl)cc2)C(N)=N1,active,23.6,7.63
CHEMBL22811,COc1cc(Cc2cnc(N)nc2N)ccc1OCc1cc(OC)c(OC)c(OC)c1,active,0.6,9.22
CHEMBL22811,COc1cc(Cc2cnc(N)nc2N)ccc1OCc1cc(OC)c(OC)c(OC)c1,active,6.2,8.21
CHEMBL22148,CCc1nc(N)nc(N)c1-c1ccccc1,active,100.0,7.0
CHEMBL161117,NC1=NC(c2cccc(Oc3ccccc3)c2)N(c2cccc(Cl)c2)C(N)=N1,intermediate,2700.0,5.57
CHEMBL278847,CCc1nc(N)nc(N)c1-c1cccc(Cl)c1,intermediate,2500.0,5.6
CHEMBL159052,NC1=NC(c2cccc(OCCCOc3cc(Cl)c(Cl)cc3Cl)c2)N(c2cccc(Cl)c2)C(N)=N1,intermediate,3200.0,5.5
CHEMBL90292,CCCCC1N=C(N)N=C(N)N1c1ccc(Cl)cc1,active,3.7,8.43
CHEMBL90292,CCCCC1N=C(N)N=C(N)N1c1ccc(Cl)cc1,active,167.0,6.78
CHEMBL161117,NC1=NC(c2cccc(Oc3ccccc3)c2)N(c2cccc(Cl)c2)C(N)=N1,intermediate,3400.0,5.47
CHEMBL346932,Nc1nc(N)c(-c2cccc(Cl)c2)c(CCCOC(=O)c2ccccc2)n1,active,1.5,8.82
CHEMBL346932,Nc1nc(N)c(-c2cccc(Cl)c2)c(CCCOC(=O)c2ccccc2)n1,active,0.8,9.1
CHEMBL22,COc1cc(Cc2cnc(N)nc2N)cc(OC)c1OC,active,242.1,6.62
CHEMBL21407,COC(=O)CCCc1nc(N)nc(N)c1-c1ccccc1,active,1.8,8.74
CHEMBL21395,CCOc1cc(Cc2cnc(N)nc2N)ccc1OCc1ccccc1,active,0.8,9.1
CHEMBL21395,CCOc1cc(Cc2cnc(N)nc2N)ccc1OCc1ccccc1,active,120.0,6.92
CHEMBL118870,CCCCCOc1ccc(Cc2cnc(N)nc2N)cc1,active,539.5,6.27
CHEMBL119224,Nc1ncc(Cc2cccc(Oc3ccccc3)c2)c(N)n1,intermediate,3517.0,5.45
CHEMBL354011,NC1=NC(c2cccc(OCc3ccccc3)c2)N(c2cccc(Cl)c2)C(N)=N1,active,3.2,8.49
CHEMBL354011,NC1=NC(c2cccc(OCc3ccccc3)c2)N(c2cccc(Cl)c2)C(N)=N1,intermediate,4900.0,5.31
CHEMBL280410,COc1cc(COc2cc(Cc3cnc(N)nc3N)ccc2OCc2ccccc2)cc(OC)c1OC,active,12.1,7.92
CHEMBL22139,CCCOc1cc(Cc2cnc(N)nc2N)ccc1OCc1cc(OC)c(OC)c(OC)c1,active,0.4,9.4
CHEMBL348151,NC1=NC(c2cccc(Oc3cccc(C(F)(F)F)c3)c2)N(c2cccc(Cl)c2)C(N)=N1,active,180.0,6.75
CHEMBL119669,CCCCCOc1cc(Cc2cnc(N)nc2N)ccc1OC,active,134.5,6.87
CHEMBL22146,COc1cc(Cc2cnc(N)nc2N)ccc1OCc1ccccc1,intermediate,4660.0,5.33
CHEMBL22811,COc1cc(Cc2cnc(N)nc2N)ccc1OCc1cc(OC)c(OC)c(OC)c1,inactive,30580.0,4.51
CHEMBL118870,CCCCCOc1ccc(Cc2cnc(N)nc2N)cc1,active,8.6,8.07
CHEMBL21921,Nc1nc(N)c(-c2cccc(Cl)c2)c(CCCc2ccccc2)n1,intermediate,3600.0,5.44
CHEMBL92583,CC1(C)N=C(N)N=C(N)N1c1ccc(Cl)c(Cl)c1,active,130.7,6.88
CHEMBL747,CC1(C)N=C(N)N=C(N)N1c1ccc(Cl)cc1,intermediate,1314.0,5.88
CHEMBL90461,CCC1N=C(N)N=C(N)N1c1ccc(Br)cc1,active,202.0,6.7
CHEMBL7005,CC1(C)N=C(N)N=C(N)N1c1ccc(F)cc1,active,4.6,8.34
CHEMBL95609,N/C(=N\O)c1cccc(CS(=O)(=O)c2ccc(Cl)cc2)c1,inactive,38000.0,4.42
CHEMBL747,CC1(C)N=C(N)N=C(N)N1c1ccc(Cl)cc1,intermediate,2130.0,5.67
CHEMBL36,CCc1nc(N)nc(N)c1-c1ccc(Cl)cc1,active,1.5,8.82
CHEMBL6742,CC1(C)N=C(N)N=C(N)N1c1ccccc1,active,20.0,7.7
CHEMBL90358,Cc1ccc(N2C(N)=NC(N)=NC2C(C)C)cc1,active,167.0,6.78
CHEMBL22138,Nc1ncc(Cc2ccc(OCc3ccccc3)c(OCc3ccccc3)c2)c(N)n1,intermediate,3120.0,5.51
CHEMBL56146,Nc1ncc(Cc2ccc(OCc3ccccc3)cc2)c(N)n1,inactive,21490.0,4.67
CHEMBL119086,CCCOc1cc(Cc2c(N)nc(N)nc2CC)ccc1OCc1cc(OC)c(OC)c(OC)c1,active,48.7,7.31
CHEMBL416373,CCCCOc1cc(Cc2cnc(N)nc2N)ccc1OCc1cc(OC)c(OC)c(OC)c1,active,105.6,6.98
CHEMBL97598,C/C(=N\N=C(/N)S)c1ccc(Oc2c(Cl)cncc2Cl)cc1,active,600.0,6.22
CHEMBL243185,NC(=S)N/N=C/c1ccccc1,inactive,29600.0,4.53
CHEMBL243185,NC(=S)N/N=C/c1ccccc1,inactive,50000.0,4.3
CHEMBL22138,Nc1ncc(Cc2ccc(OCc3ccccc3)c(OCc3ccccc3)c2)c(N)n1,active,1.7,8.77
CHEMBL22138,Nc1ncc(Cc2ccc(OCc3ccccc3)c(OCc3ccccc3)c2)c(N)n1,active,60.2,7.22
CHEMBL22137,CCc1nc(N)nc(N)c1Cc1ccc(OCc2ccccc2)c(OCc2ccccc2)c1,active,99.1,7.0
CHEMBL22039,Cc1nc(N)nc(N)c1-c1cccc(Cl)c1,active,83.0,7.08
CHEMBL416552,CCCCCCc1nc(N)nc(N)c1-c1ccccc1,active,10.0,8.0
CHEMBL352195,NC1=NC(c2cccc(Oc3ccc(Cl)cc3)c2)N(c2ccc(Cl)cc2)C(N)=N1,active,121.0,6.92
CHEMBL161757,NC1=NC(c2cccc(Oc3cc(Cl)cc(Cl)c3)c2)N(c2cccc(Cl)c2)C(N)=N1,active,2.7,8.57
CHEMBL158639,CCCC1(C)N=C(N)N=C(N)N1c1cccc(Cl)c1,active,471.0,6.33
CHEMBL279492,Nc1ncc(-c2ccc(Cl)cc2)c(N)n1,active,368.7,6.43
CHEMBL36,CCc1nc(N)nc(N)c1-c1ccc(Cl)cc1,active,28.6,7.54
CHEMBL416552,CCCCCCc1nc(N)nc(N)c1-c1ccccc1,active,1.4,8.85
CHEMBL346963,CCCCCCCC1N=C(N)N=C(N)N1c1cccc(Cl)c1,active,0.8,9.1
CHEMBL346963,CCCCCCCC1N=C(N)N=C(N)N1c1cccc(Cl)c1,active,40.0,7.4
CHEMBL282275,CCc1nc(N)nc(N)c1-c1ccc(Br)cc1,active,31.5,7.5
CHEMBL282275,CCc1nc(N)nc(N)c1-c1ccc(Br)cc1,inactive,25000.0,4.6
CHEMBL422005,Nc1nc(N)c(-c2cccc(Cl)c2)c(CCCO)n1,intermediate,4500.0,5.35
CHEMBL22693,Nc1nc(N)c(-c2ccccc2)c(CCCc2ccccc2)n1,active,0.9,9.05
CHEMBL7005,CC1(C)N=C(N)N=C(N)N1c1ccc(F)cc1,intermediate,1633.0,5.79
CHEMBL1939368,CCc1nnc(NC(=O)CCc2ccc(S(=O)(=O)Nc3ccc(F)cc3)cc2)s1,active,6.3,8.2
CHEMBL4207961,Nc1nc(N)c2cc(NCc3ccc(CCNC(=O)c4ccc5c(c4)OCO5)cc3)ccc2n1,active,26.2,7.58
CHEMBL4209486,Nc1nc(N)c2cc(NCc3ccc(CCNC(=O)c4cccs4)cc3)ccc2n1,active,84.1,7.08
CHEMBL36,CCc1nc(N)nc(N)c1-c1ccc(Cl)cc1,active,53.9,7.27
CHEMBL36,CCc1nc(N)nc(N)c1-c1ccc(Cl)cc1,inactive,30900.0,4.51
CHEMBL22693,Nc1nc(N)c(-c2ccccc2)c(CCCc2ccccc2)n1,active,0.5,9.3
CHEMBL21494,COC(=O)CCCc1nc(N)nc(N)c1-c1cccc(Cl)c1,active,2.8,8.55
CHEMBL22327,COc1cc(Cc2cnc(N)nc2N)ccc1OCCCc1ccccc1,active,1.8,8.74
CHEMBL3040038,CCc1nc(N)nc(N)c1OCCCOc1ccccc1CCC(=O)O,active,0.43,9.37
CHEMBL346932,Nc1nc(N)c(-c2cccc(Cl)c2)c(CCCOC(=O)c2ccccc2)n1,intermediate,2100.0,5.68
CHEMBL161117,NC1=NC(c2cccc(Oc3ccccc3)c2)N(c2cccc(Cl)c2)C(N)=N1,active,1.1,8.96
CHEMBL22148,CCc1nc(N)nc(N)c1-c1ccccc1,active,8.7,8.06
CHEMBL22039,Cc1nc(N)nc(N)c1-c1cccc(Cl)c1,active,1.9,8.72
CHEMBL95783,N/N=C(\S)Nc1ccc(OCc2ccccc2)cc1,intermediate,5200.0,5.28
CHEMBL95274,N/C(=N\O)c1ccc(CNC(=O)c2ccc(Cl)cc2)cc1,inactive,77200.0,4.11
CHEMBL747,CC1(C)N=C(N)N=C(N)N1c1ccc(Cl)cc1,active,1.5,8.82
CHEMBL22148,CCc1nc(N)nc(N)c1-c1ccccc1,active,2.3,8.64
CHEMBL434771,CCc1nc(N)nc(N)c1-c1ccc2c(c1)OCO2,inactive,21500.0,4.67
CHEMBL36,CCc1nc(N)nc(N)c1-c1ccc(Cl)cc1,active,67.1,7.17
CHEMBL36,CCc1nc(N)nc(N)c1-c1ccc(Cl)cc1,active,385.0,6.42
CHEMBL13636,CC1N=C(N)N=C(N)N1c1cccc(Cl)c1,active,10.2,7.99
CHEMBL348151,NC1=NC(c2cccc(Oc3cccc(C(F)(F)F)c3)c2)N(c2cccc(Cl)c2)C(N)=N1,active,2.0,8.7
CHEMBL159032,NC1=NC(c2cccc(Oc3ccccc3)c2)N(c2ccc(Cl)cc2)C(N)=N1,active,2.7,8.57
CHEMBL747,CC1(C)N=C(N)N=C(N)N1c1ccc(Cl)cc1,active,285.0,6.54
CHEMBL36,CCc1nc(N)nc(N)c1-c1ccc(Cl)cc1,active,71.7,7.14
CHEMBL22405,COC(=O)CCCc1nc(N)nc(N)c1-c1ccc(Cl)cc1,active,16.9,7.77
CHEMBL21799,CCc1nc(N)nc(N)c1-c1ccc(Cl)c(Cl)c1,inactive,17400.0,4.76
CHEMBL416376,COc1cc(COc2ccc(Cc3cnc(N)nc3N)cc2)cc(OC)c1OC,active,1.3,8.89
CHEMBL416376,COc1cc(COc2ccc(Cc3cnc(N)nc3N)cc2)cc(OC)c1OC,inactive,19880.0,4.7
CHEMBL22,COc1cc(Cc2cnc(N)nc2N)cc(OC)c1OC,intermediate,5688.7,5.25
CHEMBL419055,CCc1nc(N)nc(N)c1Cc1cc(OC)c(OC)c(OC)c1,active,250.0,6.6
CHEMBL22137,CCc1nc(N)nc(N)c1Cc1ccc(OCc2ccccc2)c(OCc2ccccc2)c1,active,30.0,7.52
CHEMBL118668,Nc1ncc(Cc2ccc(OCCCc3ccccc3)cc2)c(N)n1,active,58.1,7.24
CHEMBL30937,CCCCCCCOc1ccc(Cc2cnc(N)nc2N)cc1,intermediate,2208.4,5.66
CHEMBL115483,COc1cc(Cc2cnc(N)nc2N)ccc1OCCCOc1ccccc1,active,2.0,8.7
CHEMBL118581,CCCCOc1cc(Cc2cnc(N)nc2N)ccc1OC,active,194.1,6.71
CHEMBL323554,C/N=C(\S)NNC(=O)c1cccn(Cc2cccc(Cl)c2)c1=O,intermediate,1800.0,5.75
CHEMBL95783,N/N=C(\S)Nc1ccc(OCc2ccccc2)cc1,inactive,15400.0,4.81
CHEMBL95615,C=CCNC(=S)NNC(=O)c1cccn(Cc2cccc(Cl)c2)c1=O,inactive,13000.0,4.89
CHEMBL95615,C=CCNC(=S)NNC(=O)c1cccn(Cc2cccc(Cl)c2)c1=O,inactive,10600.0,4.97
CHEMBL444605,CC(=O)OCCCc1nc(N)nc(N)c1-c1cccc(Cl)c1,active,3.2,8.49
CHEMBL354011,NC1=NC(c2cccc(OCc3ccccc3)c2)N(c2cccc(Cl)c2)C(N)=N1,active,2.3,8.64
CHEMBL354011,NC1=NC(c2cccc(OCc3ccccc3)c2)N(c2cccc(Cl)c2)C(N)=N1,active,3.6,8.44
CHEMBL158054,CCCC1(C)N=C(N)N=C(N)N1c1ccc(Cl)cc1,active,3.5,8.46
CHEMBL158054,CCCC1(C)N=C(N)N=C(N)N1c1ccc(Cl)cc1,active,560.0,6.25
CHEMBL159032,NC1=NC(c2cccc(Oc3ccccc3)c2)N(c2ccc(Cl)cc2)C(N)=N1,active,239.0,6.62
CHEMBL158691,CC(C)C1(C)N=C(N)N=C(N)N1c1cccc(Cl)c1,active,472.0,6.33
CHEMBL329687,NC1=NC(c2ccccc2)N(c2cccc(Cl)c2)C(N)=N1,active,984.0,6.01
CHEMBL118602,CCc1nc(N)nc(N)c1Cc1ccc(OCc2ccccc2)c(OC)c1,inactive,16260.0,4.79
CHEMBL161117,NC1=NC(c2cccc(Oc3ccccc3)c2)N(c2cccc(Cl)c2)C(N)=N1,active,5.8,8.24
CHEMBL22146,COc1cc(Cc2cnc(N)nc2N)ccc1OCc1ccccc1,active,60.7,7.22
CHEMBL22146,COc1cc(Cc2cnc(N)nc2N)ccc1OCc1ccccc1,active,210.0,6.68
CHEMBL22901,CCOc1cc(Cc2cnc(N)nc2N)ccc1OCc1cc(OC)c(OC)c(OC)c1,inactive,19450.0,4.71
CHEMBL22138,Nc1ncc(Cc2ccc(OCc3ccccc3)c(OCc3ccccc3)c2)c(N)n1,active,491.2,6.31
CHEMBL22138,Nc1ncc(Cc2ccc(OCc3ccccc3)c(OCc3ccccc3)c2)c(N)n1,inactive,14580.0,4.84
CHEMBL56146,Nc1ncc(Cc2ccc(OCc3ccccc3)cc2)c(N)n1,intermediate,2270.0,5.64
CHEMBL56146,Nc1ncc(Cc2ccc(OCc3ccccc3)cc2)c(N)n1,active,130.0,6.89
CHEMBL21395,CCOc1cc(Cc2cnc(N)nc2N)ccc1OCc1ccccc1,active,9.7,8.01
CHEMBL2364573,NC(=O)c1ccc[n+]([C@H]2O[C@@H](COP(=O)([O-])OP(=O)(O)OC[C@H]3O[C@@H](n4cnc5c(N)ncnc54)[C@H](OP(=O)(O)O)[C@@H]3O)[C@H](O)[C@@H]2O)c1,active,4.7,8.33
CHEMBL352195,NC1=NC(c2cccc(Oc3ccc(Cl)cc3)c2)N(c2ccc(Cl)cc2)C(N)=N1,active,7.5,8.12
CHEMBL351099,NC1=NC(c2cccc(OCc3ccccc3)c2)N(c2ccc(Cl)cc2)C(N)=N1,active,6.2,8.21
CHEMBL348151,NC1=NC(c2cccc(Oc3cccc(C(F)(F)F)c3)c2)N(c2cccc(Cl)c2)C(N)=N1,active,6.5,8.19
CHEMBL159040,Nc1nc(N)c(-c2ccccc2)c(CCCO)n1,active,549.0,6.26
CHEMBL278813,COc1ccc(CCCc2nc(N)nc(N)c2-c2cccc(Cl)c2)cc1,intermediate,4000.0,5.4
CHEMBL278847,CCc1nc(N)nc(N)c1-c1cccc(Cl)c1,active,0.8,9.1
CHEMBL329687,NC1=NC(c2ccccc2)N(c2cccc(Cl)c2)C(N)=N1,active,200.0,6.7
CHEMBL21778,CCc1nc(N)nc(N)c1-c1ccc(C)cc1,active,88.0,7.06
CHEMBL161009,CCCCCCC1(C)N=C(N)N=C(N)N1c1cccc(Cl)c1,active,12.1,7.92
CHEMBL22403,Nc1nc(N)c(-c2cccc(Cl)c2)c(CCOCCCOc2ccccc2)n1,active,1.3,8.89
CHEMBL444605,CC(=O)OCCCc1nc(N)nc(N)c1-c1cccc(Cl)c1,active,1.8,8.74
CHEMBL115483,COc1cc(Cc2cnc(N)nc2N)ccc1OCCCOc1ccccc1,active,37.1,7.43
CHEMBL22405,COC(=O)CCCc1nc(N)nc(N)c1-c1ccc(Cl)cc1,inactive,22300.0,4.65
CHEMBL22403,Nc1nc(N)c(-c2cccc(Cl)c2)c(CCOCCCOc2ccccc2)n1,active,1.9,8.72
CHEMBL95725,COC(=O)c1sccc1-c1ccc(/C(C)=N/NC(N)=O)o1,intermediate,4200.0,5.38
CHEMBL29773,CCc1nc(N)nc(N)c1-c1cccc(OC)c1,active,36.0,7.44
CHEMBL95725,COC(=O)c1sccc1-c1ccc(/C(C)=N/NC(N)=O)o1,inactive,15300.0,4.82
CHEMBL95725,COC(=O)c1sccc1-c1ccc(/C(C)=N/NC(N)=O)o1,intermediate,7500.0,5.12
CHEMBL22129,CCc1nc(N)nc(N)c1-c1ccc(OCc2ccc(Cl)cc2Cl)c(OC)c1,active,9.6,8.02
CHEMBL21407,COC(=O)CCCc1nc(N)nc(N)c1-c1ccccc1,active,10.0,8.0
CHEMBL416373,CCCCOc1cc(Cc2cnc(N)nc2N)ccc1OCc1cc(OC)c(OC)c(OC)c1,active,30.0,7.52
CHEMBL97598,C/C(=N\N=C(/N)S)c1ccc(Oc2c(Cl)cncc2Cl)cc1,active,1000.0,6.0
CHEMBL94470,N=C(S)N/N=C/c1ccc(Oc2ncc(C(F)(F)F)cc2Cl)cc1,intermediate,5200.0,5.28
CHEMBL159040,Nc1nc(N)c(-c2ccccc2)c(CCCO)n1,active,85.0,7.07
CHEMBL93001,NC1=NCN(c2ccc(F)cc2)C(N)=N1,active,270.0,6.57
CHEMBL93888,CCCC1N=C(N)N=C(N)N1c1ccc(Br)cc1,active,2.6,8.59
CHEMBL36,CCc1nc(N)nc(N)c1-c1ccc(Cl)cc1,active,6.0,8.22
CHEMBL36,CCc1nc(N)nc(N)c1-c1ccc(Cl)cc1,active,860.0,6.07
CHEMBL93001,NC1=NCN(c2ccc(F)cc2)C(N)=N1,active,469.0,6.33
CHEMBL354011,NC1=NC(c2cccc(OCc3ccccc3)c2)N(c2cccc(Cl)c2)C(N)=N1,active,7.7,8.11
CHEMBL279986,CCc1nc(N)nc(N)c1-c1ccc(-c2ccccc2)cc1,active,188.0,6.73
CHEMBL95274,N/C(=N\O)c1ccc(CNC(=O)c2ccc(Cl)cc2)cc1,inactive,36600.0,4.44
CHEMBL93889,NC1=NC(c2ccccc2)N(c2ccc(Cl)cc2)C(N)=N1,active,49.3,7.31
CHEMBL36,CCc1nc(N)nc(N)c1-c1ccc(Cl)cc1,active,0.6,9.22
CHEMBL747,CC1(C)N=C(N)N=C(N)N1c1ccc(Cl)cc1,active,570.0,6.24
CHEMBL243185,NC(=S)N/N=C/c1ccccc1,inactive,37200.0,4.43
CHEMBL93889,NC1=NC(c2ccccc2)N(c2ccc(Cl)cc2)C(N)=N1,intermediate,1866.0,5.73
CHEMBL274031,Nc1ncc(Cc2cccc(OCc3ccccc3)c2)c(N)n1,inactive,15220.0,4.82
CHEMBL274031,Nc1ncc(Cc2cccc(OCc3ccccc3)c2)c(N)n1,active,30.0,7.52
CHEMBL444605,CC(=O)OCCCc1nc(N)nc(N)c1-c1cccc(Cl)c1,active,3.1,8.51
CHEMBL22403,Nc1nc(N)c(-c2cccc(Cl)c2)c(CCOCCCOc2ccccc2)n1,intermediate,4500.0,5.35
CHEMBL159032,NC1=NC(c2cccc(Oc3ccccc3)c2)N(c2ccc(Cl)cc2)C(N)=N1,active,132.0,6.88
CHEMBL21799,CCc1nc(N)nc(N)c1-c1ccc(Cl)c(Cl)c1,active,41.0,7.39
CHEMBL22148,CCc1nc(N)nc(N)c1-c1ccccc1,active,32.0,7.5
CHEMBL345146,CC(C)C1(C)N=C(N)N=C(N)N1c1ccc(Cl)cc1,active,36.5,7.44
CHEMBL94470,N=C(S)N/N=C/c1ccc(Oc2ncc(C(F)(F)F)cc2Cl)cc1,inactive,12500.0,4.9
CHEMBL22138,Nc1ncc(Cc2ccc(OCc3ccccc3)c(OCc3ccccc3)c2)c(N)n1,inactive,14600.0,4.84
CHEMBL22137,CCc1nc(N)nc(N)c1Cc1ccc(OCc2ccccc2)c(OCc2ccccc2)c1,intermediate,4200.0,5.38
CHEMBL19023,COc1ccc(Cc2cnc(N)nc2N)cc1,intermediate,3957.8,5.4
CHEMBL19023,COc1ccc(Cc2cnc(N)nc2N)cc1,inactive,20491.0,4.69
CHEMBL22901,CCOc1cc(Cc2cnc(N)nc2N)ccc1OCc1cc(OC)c(OC)c(OC)c1,active,70.0,7.16
CHEMBL186838,N/C(=N/O)c1ccc(Oc2cc(Cl)cc(Cl)c2)c([N+](=O)[O-])c1,intermediate,2400.0,5.62
CHEMBL186838,N/C(=N/O)c1ccc(Oc2cc(Cl)cc(Cl)c2)c([N+](=O)[O-])c1,intermediate,4200.0,5.38
CHEMBL161117,NC1=NC(c2cccc(Oc3ccccc3)c2)N(c2cccc(Cl)c2)C(N)=N1,active,2.5,8.6
CHEMBL416552,CCCCCCc1nc(N)nc(N)c1-c1ccccc1,intermediate,3000.0,5.52
CHEMBL21357,Cc1nc(N)nc(N)c1-c1ccc(Cl)cc1,active,103.7,6.98
CHEMBL22137,CCc1nc(N)nc(N)c1Cc1ccc(OCc2ccccc2)c(OCc2ccccc2)c1,active,273.4,6.56
CHEMBL22137,CCc1nc(N)nc(N)c1Cc1ccc(OCc2ccccc2)c(OCc2ccccc2)c1,active,30.0,7.52
CHEMBL118870,CCCCCOc1ccc(Cc2cnc(N)nc2N)cc1,active,914.6,6.04
CHEMBL158691,CC(C)C1(C)N=C(N)N=C(N)N1c1cccc(Cl)c1,active,213.0,6.67
CHEMBL329687,NC1=NC(c2ccccc2)N(c2cccc(Cl)c2)C(N)=N1,active,310.0,6.51
CHEMBL22901,CCOc1cc(Cc2cnc(N)nc2N)ccc1OCc1cc(OC)c(OC)c(OC)c1,active,40.0,7.4
CHEMBL22901,CCOc1cc(Cc2cnc(N)nc2N)ccc1OCc1cc(OC)c(OC)c(OC)c1,active,110.0,6.96
CHEMBL120123,COc1cc(Cc2c(C)nc(N)nc2N)ccc1OCc1ccccc1,active,66.3,7.18
CHEMBL352195,NC1=NC(c2cccc(Oc3ccc(Cl)cc3)c2)N(c2ccc(Cl)cc2)C(N)=N1,intermediate,2800.0,5.55
CHEMBL352195,NC1=NC(c2cccc(Oc3ccc(Cl)cc3)c2)N(c2ccc(Cl)cc2)C(N)=N1,active,420.0,6.38
CHEMBL56146,Nc1ncc(Cc2ccc(OCc3ccccc3)cc2)c(N)n1,inactive,17140.0,4.77
CHEMBL119086,CCCOc1cc(Cc2c(N)nc(N)nc2CC)ccc1OCc1cc(OC)c(OC)c(OC)c1,active,693.1,6.16
CHEMBL118581,CCCCOc1cc(Cc2cnc(N)nc2N)ccc1OC,intermediate,1033.3,5.99
CHEMBL90461,CCC1N=C(N)N=C(N)N1c1ccc(Br)cc1,active,5.7,8.24
CHEMBL352441,Nc1nc(N)c(-c2cccc(Cl)c2)c(CCCOC(=O)OCc2ccccc2)n1,intermediate,5900.0,5.23
CHEMBL158570,NC1=NC(c2cccc(Oc3ccc(Cl)cc3)c2)N(c2cccc(Cl)c2)C(N)=N1,active,1.9,8.72
CHEMBL416552,CCCCCCc1nc(N)nc(N)c1-c1ccccc1,active,60.0,7.22
CHEMBL324775,CCCCCCCOc1cc(Cc2cnc(N)nc2N)ccc1OC,active,445.1,6.35
CHEMBL22271,CCOc1c(Br)cc(-c2c(N)nc(N)nc2CC)cc1Br,active,534.5,6.27
CHEMBL36,CCc1nc(N)nc(N)c1-c1ccc(Cl)cc1,active,1.5,8.82
CHEMBL279986,CCc1nc(N)nc(N)c1-c1ccc(-c2ccccc2)cc1,active,421.3,6.38
CHEMBL21799,CCc1nc(N)nc(N)c1-c1ccc(Cl)c(Cl)c1,active,9.0,8.05
CHEMBL21921,Nc1nc(N)c(-c2cccc(Cl)c2)c(CCCc2ccccc2)n1,active,2.2,8.66
CHEMBL93001,NC1=NCN(c2ccc(F)cc2)C(N)=N1,active,88.0,7.06
CHEMBL4210479,COc1ccc(C(=O)NCCc2ccc(CNc3ccc4nc(N)nc(N)c4c3)cc2)cc1OC,active,61.1,7.21
CHEMBL4214368,COc1ccc(C(=O)NCCc2ccc(CNc3ccc4nc(N)nc(N)c4c3)cc2)cc1,active,157.2,6.8
CHEMBL92846,NC1=NCN(c2ccccc2)C(N)=N1,active,329.0,6.48
CHEMBL118581,CCCCOc1cc(Cc2cnc(N)nc2N)ccc1OC,active,2.5,8.6
CHEMBL119224,Nc1ncc(Cc2cccc(Oc3ccccc3)c2)c(N)n1,active,161.2,6.79
CHEMBL119224,Nc1ncc(Cc2cccc(Oc3ccccc3)c2)c(N)n1,active,671.4,6.17
CHEMBL6742,CC1(C)N=C(N)N=C(N)N1c1ccccc1,intermediate,1375.0,5.86
CHEMBL22327,COc1cc(Cc2cnc(N)nc2N)ccc1OCCCc1ccccc1,intermediate,3100.2,5.51
CHEMBL352441,Nc1nc(N)c(-c2cccc(Cl)c2)c(CCCOC(=O)OCc2ccccc2)n1,intermediate,4100.0,5.39
CHEMBL346932,Nc1nc(N)c(-c2cccc(Cl)c2)c(CCCOC(=O)c2ccccc2)n1,intermediate,1900.0,5.72
CHEMBL346982,CCCOc1ccc(C2N=C(N)N=C(N)N2c2cccc(Cl)c2)cc1,active,2.1,8.68
CHEMBL346982,CCCOc1ccc(C2N=C(N)N=C(N)N2c2cccc(Cl)c2)cc1,active,1000.0,6.0
CHEMBL7130,CC1(C)N=C(N)N=C(N)N1c1cccc(Cl)c1,intermediate,1300.0,5.89
CHEMBL352441,Nc1nc(N)c(-c2cccc(Cl)c2)c(CCCOC(=O)OCc2ccccc2)n1,active,0.8,9.1
CHEMBL22039,Cc1nc(N)nc(N)c1-c1cccc(Cl)c1,active,6.5,8.19
CHEMBL161034,NC1=NC(c2ccc(Oc3ccccc3)cc2)N(c2ccc(Cl)cc2)C(N)=N1,active,145.0,6.84
CHEMBL161009,CCCCCCC1(C)N=C(N)N=C(N)N1c1cccc(Cl)c1,active,15.9,7.8
CHEMBL161009,CCCCCCC1(C)N=C(N)N=C(N)N1c1cccc(Cl)c1,active,101.0,7.0
CHEMBL161009,CCCCCCC1(C)N=C(N)N=C(N)N1c1cccc(Cl)c1,active,480.0,6.32
CHEMBL161009,CCCCCCC1(C)N=C(N)N=C(N)N1c1cccc(Cl)c1,active,510.0,6.29
CHEMBL545921,CC1(C)N=C(N)N=C(N)N1OCCCOc1cc(Cl)c(Cl)cc1Cl.Cl,active,0.57,9.24
CHEMBL4218177,COc1cccc(C(=O)NCCc2ccc(CNc3ccc4nc(N)nc(N)c4c3)cc2)c1,active,39.6,7.4
CHEMBL5596188,CCc1nc(N)nc(N)c1OCCCOc1ccc(-c2ccccc2)cc1,active,0.24,9.62
CHEMBL5598041,CCc1nc(N)nc(N)c1OCCCOc1ccc(-c2ccc(C(=O)O)cc2)cc1.Cl,active,0.16,9.8
CHEMBL5597998,CCc1nc(N)nc(N)c1OCCCCOc1cccc(-c2ccccc2)c1.Cl,active,0.25,9.6
CHEMBL5597152,CCc1nc(N)nc(N)c1OCCCCOc1ccc(-c2ccc(C(=O)O)cc2)cc1.Cl,active,0.24,9.62
CHEMBL36,CCc1nc(N)nc(N)c1-c1ccc(Cl)cc1,active,0.87,9.06
CHEMBL21408,Cc1nc(N)nc(N)c1-c1ccccc1,active,110.0,6.96
CHEMBL92846,NC1=NCN(c2ccccc2)C(N)=N1,active,85.0,7.07
CHEMBL365481,Cc1[nH]c(N)cc2nc3ccccc3c1-2,intermediate,2300.0,5.64
CHEMBL323554,C/N=C(\S)NNC(=O)c1cccn(Cc2cccc(Cl)c2)c1=O,active,900.0,6.05
CHEMBL95567,NNc1nc2ccccc2nc1NN,intermediate,8600.0,5.07
CHEMBL5421199,CCc1nc(N)nc(N)c1Cc1cccc(-c2ccc(C(=O)OC)cc2)c1.Cl,active,0.25,9.6
CHEMBL118602,CCc1nc(N)nc(N)c1Cc1ccc(OCc2ccccc2)c(OC)c1,intermediate,5060.0,5.3
CHEMBL5440218,CCc1nc(N)nc(N)c1Cc1ccc(-c2ccc(C(=O)OC)cc2)cc1.Cl,active,1.06,8.97
CHEMBL5597280,CCOC(=O)c1ccc(-c2ccc(OCCCOc3c(N)nc(N)nc3CC)cc2)cc1.Cl,active,0.58,9.24
CHEMBL5590041,CCOC(=O)c1ccc(-c2ccc(OCCCCOc3c(N)nc(N)nc3CC)cc2)cc1.Cl,active,0.67,9.17
CHEMBL138060,COc1ccc(OC)c(CNc2ccc3nc(N)nc(N)c3c2Cl)c1,active,0.39,9.41
CHEMBL22403,Nc1nc(N)c(-c2cccc(Cl)c2)c(CCOCCCOc2ccccc2)n1,active,0.4,9.4
CHEMBL347190,CC(=O)OCCCc1nc(N)nc(N)c1-c1ccccc1,active,5.0,8.3
CHEMBL347190,CC(=O)OCCCc1nc(N)nc(N)c1-c1ccccc1,active,237.0,6.62
CHEMBL419231,CCCOc1cc(Cc2cnc(N)nc2N)ccc1OC,active,52.1,7.28
CHEMBL279948,Cc1nc(N)nc(N)c1Cc1ccc(OCc2ccccc2)c(OCc2ccccc2)c1,intermediate,3110.0,5.51
CHEMBL346963,CCCCCCCC1N=C(N)N=C(N)N1c1cccc(Cl)c1,active,2.7,8.57
CHEMBL346963,CCCCCCCC1N=C(N)N=C(N)N1c1cccc(Cl)c1,active,140.0,6.85
CHEMBL22693,Nc1nc(N)c(-c2ccccc2)c(CCCc2ccccc2)n1,active,1.1,8.96
CHEMBL22693,Nc1nc(N)c(-c2ccccc2)c(CCCc2ccccc2)n1,intermediate,8600.0,5.07
CHEMBL93893,NC1=NC(c2ccccc2)N(c2ccc(Br)cc2)C(N)=N1,active,2.9,8.54
CHEMBL93893,NC1=NC(c2ccccc2)N(c2ccc(Br)cc2)C(N)=N1,active,90.0,7.05
CHEMBL93889,NC1=NC(c2ccccc2)N(c2ccc(Cl)cc2)C(N)=N1,active,49.0,7.31
CHEMBL159052,NC1=NC(c2cccc(OCCCOc3cc(Cl)c(Cl)cc3Cl)c2)N(c2cccc(Cl)c2)C(N)=N1,active,4.5,8.35
CHEMBL278847,CCc1nc(N)nc(N)c1-c1cccc(Cl)c1,active,2.7,8.57
CHEMBL278847,CCc1nc(N)nc(N)c1-c1cccc(Cl)c1,intermediate,3900.0,5.41
CHEMBL21921,Nc1nc(N)c(-c2cccc(Cl)c2)c(CCCc2ccccc2)n1,intermediate,5700.0,5.24
CHEMBL161757,NC1=NC(c2cccc(Oc3cc(Cl)cc(Cl)c3)c2)N(c2cccc(Cl)c2)C(N)=N1,intermediate,3100.0,5.51
CHEMBL22901,CCOc1cc(Cc2cnc(N)nc2N)ccc1OCc1cc(OC)c(OC)c(OC)c1,active,24.7,7.61
CHEMBL158570,NC1=NC(c2cccc(Oc3ccc(Cl)cc3)c2)N(c2cccc(Cl)c2)C(N)=N1,active,3.5,8.46
CHEMBL91345,Cc1ccc(N2C(N)=NC(N)=NC2c2ccccc2)cc1,active,7.7,8.11
CHEMBL549325,O=C(CCc1ccc(S(=O)(=O)NCCc2ccccc2)cc1)Nc1ccc2c(c1)OCCO2,inactive,35500.0,4.45
CHEMBL4206536,Nc1nc(N)c2cc(NCc3ccc(CCNC(=O)c4ccccc4F)cc3)ccc2n1,active,180.2,6.74
CHEMBL1201746,C#CCC(Cc1cnc2nc(N)nc(N)c2n1)c1ccc(C(=O)N[C@@H](CCC(=O)O)C(=O)O)cc1,active,0.0134,10.87
CHEMBL5597854,CCc1nc(N)nc(N)c1OCCCCOc1ccc(-c2ccccc2)cc1.Cl,active,0.26,9.59
CHEMBL747,CC1(C)N=C(N)N=C(N)N1c1ccc(Cl)cc1,intermediate,1140.0,5.94
CHEMBL5432011,CCc1nc(N)nc(N)c1Cc1cccc(-c2ccc(C(=O)O)cc2)c1.Cl.Cl,active,0.48,9.32
CHEMBL278813,COc1ccc(CCCc2nc(N)nc(N)c2-c2cccc(Cl)c2)cc1,active,2.0,8.7
CHEMBL7130,CC1(C)N=C(N)N=C(N)N1c1cccc(Cl)c1,active,308.0,6.51
CHEMBL7130,CC1(C)N=C(N)N=C(N)N1c1cccc(Cl)c1,active,330.0,6.48
CHEMBL4213293,Nc1nc(N)c2cc(NCc3ccc(CCNC(=O)c4ccc5ccccc5c4)cc3)ccc2n1,active,67.9,7.17
CHEMBL5397904,CCc1nc(N)nc(N)c1Cc1cccc(-c2cccc(C(=O)O)c2)c1.Cl,active,0.23,9.64
CHEMBL95274,N/C(=N\O)c1ccc(CNC(=O)c2ccc(Cl)cc2)cc1,inactive,58000.0,4.24
CHEMBL94470,N=C(S)N/N=C/c1ccc(Oc2ncc(C(F)(F)F)cc2Cl)cc1,inactive,34000.0,4.47
CHEMBL243185,NC(=S)N/N=C/c1ccccc1,intermediate,9000.0,5.05
CHEMBL1939368,CCc1nnc(NC(=O)CCc2ccc(S(=O)(=O)Nc3ccc(F)cc3)cc2)s1,intermediate,6300.0,5.2
CHEMBL4468777,COc1ncc(-c2cccc(N3CCN(c4cnc(N)nc4N)CC3)c2)cn1,active,0.708,9.15
CHEMBL278813,COc1ccc(CCCc2nc(N)nc(N)c2-c2cccc(Cl)c2)cc1,intermediate,2700.0,5.57
CHEMBL161673,CCCCCCC1(C)N=C(N)N=C(N)N1c1ccc(Cl)cc1,intermediate,3300.0,5.48
CHEMBL118652,COc1cc(Cc2cnc(N)nc2N)ccc1OCCCOCCCOc1ccccc1,active,153.5,6.81
CHEMBL291931,COc1ccc(Cc2cnc(N)nc2N)cc1OCc1ccccc1,active,250.0,6.6
CHEMBL416373,CCCCOc1cc(Cc2cnc(N)nc2N)ccc1OCc1cc(OC)c(OC)c(OC)c1,active,5.6,8.25
CHEMBL416373,CCCCOc1cc(Cc2cnc(N)nc2N)ccc1OCc1cc(OC)c(OC)c(OC)c1,active,70.0,7.16
CHEMBL747,CC1(C)N=C(N)N=C(N)N1c1ccc(Cl)cc1,intermediate,2400.0,5.62
CHEMBL347190,CC(=O)OCCCc1nc(N)nc(N)c1-c1ccccc1,active,10.6,7.97
CHEMBL36,CCc1nc(N)nc(N)c1-c1ccc(Cl)cc1,active,0.19,9.72
CHEMBL22405,COC(=O)CCCc1nc(N)nc(N)c1-c1ccc(Cl)cc1,active,145.0,6.84
CHEMBL159052,NC1=NC(c2cccc(OCCCOc3cc(Cl)c(Cl)cc3Cl)c2)N(c2cccc(Cl)c2)C(N)=N1,active,2.2,8.66
CHEMBL21691,Nc1nc(N)c(-c2ccc(Cl)cc2)c(CCCc2ccccc2)n1,active,0.7,9.15
CHEMBL22,COc1cc(Cc2cnc(N)nc2N)cc(OC)c1OC,active,242.1,6.62
CHEMBL291931,COc1ccc(Cc2cnc(N)nc2N)cc1OCc1ccccc1,active,7.2,8.14
CHEMBL13636,CC1N=C(N)N=C(N)N1c1cccc(Cl)c1,active,4.2,8.38
CHEMBL4218788,Nc1nc(N)c2cc(NCc3ccc(CCNC(=O)c4ccc(F)cc4)cc3)ccc2n1,active,118.0,6.93
CHEMBL5598010,CCc1nc(N)nc(N)c1OCCCOc1cccc(-c2ccccc2)c1.Cl,active,0.6,9.22
CHEMBL434771,CCc1nc(N)nc(N)c1-c1ccc2c(c1)OCO2,active,121.0,6.92
CHEMBL161034,NC1=NC(c2ccc(Oc3ccccc3)cc2)N(c2ccc(Cl)cc2)C(N)=N1,intermediate,6900.0,5.16
CHEMBL3040038,CCc1nc(N)nc(N)c1OCCCOc1ccccc1CCC(=O)O,active,0.43,9.37
CHEMBL22,COc1cc(Cc2cnc(N)nc2N)cc(OC)c1OC,active,0.59,9.23
CHEMBL4553229,Nc1ncc(N2CCN(c3ccccc3)CC2)c(N)n1,active,1.91,8.72
CHEMBL279948,Cc1nc(N)nc(N)c1Cc1ccc(OCc2ccccc2)c(OCc2ccccc2)c1,active,8.6,8.07
CHEMBL36,CCc1nc(N)nc(N)c1-c1ccc(Cl)cc1,active,5.25,8.28
CHEMBL346963,CCCCCCCC1N=C(N)N=C(N)N1c1cccc(Cl)c1,active,330.0,6.48
CHEMBL346963,CCCCCCCC1N=C(N)N=C(N)N1c1cccc(Cl)c1,intermediate,2500.0,5.6
CHEMBL93974,NC1=NC(c2ccccc2)N(c2ccc(Cl)c(Cl)c2)C(N)=N1,active,1.6,8.8
CHEMBL5786336,Nc1ncc(N2CCN(c3cccc(C4CCOCC4)c3)CC2)c(N)n1,active,1.1,8.96
CHEMBL7130,CC1(C)N=C(N)N=C(N)N1c1cccc(Cl)c1,active,520.0,6.28
CHEMBL161034,NC1=NC(c2ccc(Oc3ccccc3)cc2)N(c2ccc(Cl)cc2)C(N)=N1,active,3.8,8.42
CHEMBL161034,NC1=NC(c2ccc(Oc3ccccc3)cc2)N(c2ccc(Cl)cc2)C(N)=N1,active,120.0,6.92
CHEMBL22693,Nc1nc(N)c(-c2ccccc2)c(CCCc2ccccc2)n1,active,210.0,6.68
CHEMBL422005,Nc1nc(N)c(-c2cccc(Cl)c2)c(CCCO)n1,active,9.2,8.04
CHEMBL422005,Nc1nc(N)c(-c2cccc(Cl)c2)c(CCCO)n1,active,29.0,7.54
CHEMBL422005,Nc1nc(N)c(-c2cccc(Cl)c2)c(CCCO)n1,intermediate,1900.0,5.72
CHEMBL5499545,CCc1nc(N)nc(N)c1Cc1ccc(-c2cccc(C(=O)O)c2)cc1,active,0.29,9.54
CHEMBL5822647,CCCc1nc(N)nc(N)c1N1CCN(c2ccccc2)CC1,active,14.1,7.85
CHEMBL34259,CN(Cc1cnc2nc(N)nc(N)c2n1)c1ccc(C(=O)N[C@@H](CCC(=O)O)C(=O)O)cc1,active,0.891,9.05
